window_id,sample_id,split,start_frame_relative,end_frame_relative,label,prob,pred
gold_001_w00000,gold_001,DEV,0,75,0,0.60134315,1
gold_001_w00050,gold_001,DEV,50,125,1,0.6017758,1
gold_001_w00100,gold_001,DEV,100,175,1,0.6128319,1
gold_001_w00150,gold_001,DEV,150,225,0,0.62230206,1
gold_001_w00200,gold_001,DEV,200,275,0,0.60052055,1
gold_001_w00250,gold_001,DEV,250,325,0,0.61926776,1
gold_001_w00300,gold_001,DEV,300,375,0,0.6204747,1
gold_001_w00350,gold_001,DEV,350,425,1,0.6143127,1
gold_001_w00400,gold_001,DEV,400,475,1,0.6188888,1
gold_001_w00450,gold_001,DEV,450,525,0,0.52150905,0
gold_001_w00500,gold_001,DEV,500,575,0,0.48126236,0
gold_001_w00550,gold_001,DEV,550,625,0,0.52244794,0
gold_001_w00600,gold_001,DEV,600,675,1,0.54032767,0
gold_001_w00650,gold_001,DEV,650,725,1,0.6348886,1
gold_001_w00700,gold_001,DEV,700,775,0,0.0421992,0
gold_001_w00750,gold_001,DEV,750,825,0,0.29460022,0
gold_001_w00800,gold_001,DEV,800,875,0,0.5074122,0
gold_001_w00850,gold_001,DEV,850,925,0,0.42890307,0
gold_001_w00900,gold_001,DEV,900,975,0,0.2507833,0
gold_001_w00950,gold_001,DEV,950,1025,0,0.27445728,0
gold_001_w01000,gold_001,DEV,1000,1075,0,0.23642229,0
gold_001_w01050,gold_001,DEV,1050,1125,0,0.39901936,0
gold_001_w01100,gold_001,DEV,1100,1175,0,0.59667075,0
gold_001_w01150,gold_001,DEV,1150,1225,0,0.64898354,1
gold_001_w01200,gold_001,DEV,1200,1275,0,0.591896,0
gold_001_w01250,gold_001,DEV,1250,1325,0,0.53101313,0
gold_001_w01300,gold_001,DEV,1300,1375,0,0.5442413,0
gold_001_w01350,gold_001,DEV,1350,1425,0,0.48718277,0
gold_001_w01400,gold_001,DEV,1400,1475,0,0.5152583,0
gold_002_w00000,gold_002,DEV,0,75,0,0.03415879,0
gold_002_w00050,gold_002,DEV,50,125,0,0.09858107,0
gold_002_w00100,gold_002,DEV,100,175,0,0.119505905,0
gold_002_w00150,gold_002,DEV,150,225,0,0.09877328,0
gold_002_w00200,gold_002,DEV,200,275,0,0.044285834,0
gold_002_w00250,gold_002,DEV,250,325,0,0.24130824,0
gold_002_w00300,gold_002,DEV,300,375,1,0.47570077,0
gold_002_w00350,gold_002,DEV,350,425,1,0.514447,0
gold_002_w00400,gold_002,DEV,400,475,0,0.48120978,0
gold_002_w00450,gold_002,DEV,450,525,0,0.4999541,0
gold_002_w00500,gold_002,DEV,500,575,0,0.54184663,0
gold_002_w00550,gold_002,DEV,550,625,0,0.46154663,0
gold_002_w00600,gold_002,DEV,600,675,0,0.41397658,0
gold_002_w00650,gold_002,DEV,650,725,0,0.44982025,0
gold_002_w00700,gold_002,DEV,700,775,0,0.5032118,0
gold_002_w00750,gold_002,DEV,750,825,0,0.46070203,0
gold_002_w00800,gold_002,DEV,800,875,0,0.47232217,0
gold_002_w00850,gold_002,DEV,850,925,0,0.46984616,0
gold_002_w00900,gold_002,DEV,900,975,0,0.43506137,0
gold_002_w00950,gold_002,DEV,950,1025,1,0.4474456,0
gold_002_w01000,gold_002,DEV,1000,1075,0,0.43189374,0
gold_002_w01050,gold_002,DEV,1050,1125,0,0.41331002,0
gold_002_w01100,gold_002,DEV,1100,1175,0,0.4105641,0
gold_002_w01150,gold_002,DEV,1150,1225,0,0.42405254,0
gold_002_w01200,gold_002,DEV,1200,1275,0,0.43469578,0
gold_002_w01250,gold_002,DEV,1250,1325,0,0.36646602,0
gold_002_w01300,gold_002,DEV,1300,1375,0,0.34008917,0
gold_002_w01350,gold_002,DEV,1350,1425,0,0.18643905,0
gold_002_w01400,gold_002,DEV,1400,1475,0,0.17108558,0
gold_003_w00000,gold_003,DEV,0,75,0,0.23487996,0
gold_003_w00050,gold_003,DEV,50,125,0,0.41238335,0
gold_003_w00100,gold_003,DEV,100,175,0,0.32039022,0
gold_003_w00150,gold_003,DEV,150,225,0,0.53725445,0
gold_003_w00200,gold_003,DEV,200,275,0,0.54553115,0
gold_003_w00250,gold_003,DEV,250,325,0,0.5251611,0
gold_003_w00300,gold_003,DEV,300,375,0,0.54518014,0
gold_003_w00350,gold_003,DEV,350,425,0,0.5608384,0
gold_003_w00400,gold_003,DEV,400,475,0,0.5514484,0
gold_003_w00450,gold_003,DEV,450,525,0,0.5447468,0
gold_003_w00500,gold_003,DEV,500,575,0,0.54514796,0
gold_003_w00550,gold_003,DEV,550,625,0,0.55138785,0
gold_003_w00600,gold_003,DEV,600,675,1,0.6124076,1
gold_003_w00650,gold_003,DEV,650,725,0,0.56953293,0
gold_003_w00700,gold_003,DEV,700,775,1,0.5514201,0
gold_003_w00750,gold_003,DEV,750,825,1,0.5376617,0
gold_003_w00800,gold_003,DEV,800,875,0,0.61758673,1
gold_003_w00850,gold_003,DEV,850,925,0,0.55707645,0
gold_003_w00900,gold_003,DEV,900,975,0,0.53659725,0
gold_003_w00950,gold_003,DEV,950,1025,0,0.54466176,0
gold_003_w01000,gold_003,DEV,1000,1075,0,0.5505742,0
gold_003_w01050,gold_003,DEV,1050,1125,0,0.5540386,0
gold_003_w01100,gold_003,DEV,1100,1175,0,0.5390223,0
gold_003_w01150,gold_003,DEV,1150,1225,0,0.5623915,0
gold_003_w01200,gold_003,DEV,1200,1275,0,0.49753928,0
gold_003_w01250,gold_003,DEV,1250,1325,0,0.48925146,0
gold_003_w01300,gold_003,DEV,1300,1375,0,0.4918117,0
gold_003_w01350,gold_003,DEV,1350,1425,0,0.50011295,0
gold_003_w01400,gold_003,DEV,1400,1475,0,0.49078205,0
gold_004_w00000,gold_004,DEV,0,75,0,0.5139046,0
gold_004_w00050,gold_004,DEV,50,125,0,0.5087546,0
gold_004_w00100,gold_004,DEV,100,175,0,0.49883446,0
gold_004_w00150,gold_004,DEV,150,225,0,0.48864985,0
gold_004_w00200,gold_004,DEV,200,275,0,0.21898611,0
gold_004_w00250,gold_004,DEV,250,325,0,0.04185703,0
gold_004_w00300,gold_004,DEV,300,375,0,0.019948205,0
gold_004_w00350,gold_004,DEV,350,425,1,0.45957404,0
gold_004_w00400,gold_004,DEV,400,475,0,0.47316715,0
gold_004_w00450,gold_004,DEV,450,525,0,0.47203672,0
gold_004_w00500,gold_004,DEV,500,575,1,0.48724282,0
gold_004_w00550,gold_004,DEV,550,625,0,0.48373124,0
gold_004_w00600,gold_004,DEV,600,675,0,0.43712613,0
gold_004_w00650,gold_004,DEV,650,725,0,0.2826735,0
gold_004_w00700,gold_004,DEV,700,775,0,0.43415603,0
gold_004_w00750,gold_004,DEV,750,825,0,0.46381587,0
gold_004_w00800,gold_004,DEV,800,875,0,0.1983955,0
gold_004_w00850,gold_004,DEV,850,925,0,0.47855327,0
gold_004_w00900,gold_004,DEV,900,975,0,0.50201994,0
gold_004_w00950,gold_004,DEV,950,1025,0,0.47791088,0
gold_004_w01000,gold_004,DEV,1000,1075,0,0.50067484,0
gold_004_w01050,gold_004,DEV,1050,1125,0,0.4771958,0
gold_004_w01100,gold_004,DEV,1100,1175,0,0.52701855,0
gold_004_w01150,gold_004,DEV,1150,1225,0,0.56315714,0
gold_004_w01200,gold_004,DEV,1200,1275,0,0.53694004,0
gold_004_w01250,gold_004,DEV,1250,1325,0,0.46102652,0
gold_004_w01300,gold_004,DEV,1300,1375,0,0.42873788,0
gold_004_w01350,gold_004,DEV,1350,1425,0,0.4707173,0
gold_004_w01400,gold_004,DEV,1400,1475,0,0.4646381,0
gold_005_w00000,gold_005,DEV,0,75,0,0.5039347,0
gold_005_w00050,gold_005,DEV,50,125,0,0.5167579,0
gold_005_w00100,gold_005,DEV,100,175,0,0.6029957,1
gold_005_w00150,gold_005,DEV,150,225,0,0.53022385,0
gold_005_w00200,gold_005,DEV,200,275,0,0.5166112,0
gold_005_w00250,gold_005,DEV,250,325,0,0.51723397,0
gold_005_w00300,gold_005,DEV,300,375,0,0.51722574,0
gold_005_w00350,gold_005,DEV,350,425,0,0.51176727,0
gold_005_w00400,gold_005,DEV,400,475,0,0.51706237,0
gold_005_w00450,gold_005,DEV,450,525,1,0.5167746,0
gold_005_w00500,gold_005,DEV,500,575,1,0.5028955,0
gold_005_w00550,gold_005,DEV,550,625,0,0.48564747,0
gold_005_w00600,gold_005,DEV,600,675,0,0.4826727,0
gold_005_w00650,gold_005,DEV,650,725,0,0.49309424,0
gold_005_w00700,gold_005,DEV,700,775,0,0.48869163,0
gold_005_w00750,gold_005,DEV,750,825,0,0.4800371,0
gold_005_w00800,gold_005,DEV,800,875,0,0.48040262,0
gold_005_w00850,gold_005,DEV,850,925,0,0.47228333,0
gold_005_w00900,gold_005,DEV,900,975,0,0.47301582,0
gold_005_w00950,gold_005,DEV,950,1025,0,0.47457775,0
gold_005_w01000,gold_005,DEV,1000,1075,0,0.4738912,0
gold_005_w01050,gold_005,DEV,1050,1125,1,0.4692978,0
gold_005_w01100,gold_005,DEV,1100,1175,1,0.47019562,0
gold_005_w01150,gold_005,DEV,1150,1225,0,0.4691682,0
gold_005_w01200,gold_005,DEV,1200,1275,0,0.49079388,0
gold_005_w01250,gold_005,DEV,1250,1325,0,0.48104346,0
gold_005_w01300,gold_005,DEV,1300,1375,1,0.5187714,0
gold_005_w01350,gold_005,DEV,1350,1425,1,0.5305054,0
gold_005_w01400,gold_005,DEV,1400,1475,0,0.5013691,0
gold_006_w00000,gold_006,DEV,0,75,0,0.54904807,0
gold_006_w00050,gold_006,DEV,50,125,1,0.55116296,0
gold_006_w00100,gold_006,DEV,100,175,1,0.5509351,0
gold_006_w00150,gold_006,DEV,150,225,0,0.54485214,0
gold_006_w00200,gold_006,DEV,200,275,0,0.5589762,0
gold_006_w00250,gold_006,DEV,250,325,0,0.5040557,0
gold_006_w00300,gold_006,DEV,300,375,0,0.32366285,0
gold_006_w00350,gold_006,DEV,350,425,0,0.37694147,0
gold_006_w00400,gold_006,DEV,400,475,0,0.3979596,0
gold_006_w00450,gold_006,DEV,450,525,0,0.4425727,0
gold_006_w00500,gold_006,DEV,500,575,0,0.37774488,0
gold_006_w00550,gold_006,DEV,550,625,0,0.32128415,0
gold_006_w00600,gold_006,DEV,600,675,0,0.30882418,0
gold_006_w00650,gold_006,DEV,650,725,0,0.32464328,0
gold_006_w00700,gold_006,DEV,700,775,1,0.37098384,0
gold_006_w00750,gold_006,DEV,750,825,1,0.39158604,0
gold_006_w00800,gold_006,DEV,800,875,0,0.4232062,0
gold_006_w00850,gold_006,DEV,850,925,0,0.38294494,0
gold_006_w00900,gold_006,DEV,900,975,0,0.3837949,0
gold_006_w00950,gold_006,DEV,950,1025,0,0.3878571,0
gold_006_w01000,gold_006,DEV,1000,1075,0,0.38785762,0
gold_006_w01050,gold_006,DEV,1050,1125,0,0.37916985,0
gold_006_w01100,gold_006,DEV,1100,1175,0,0.37584922,0
gold_006_w01150,gold_006,DEV,1150,1225,1,0.47190544,0
gold_006_w01200,gold_006,DEV,1200,1275,0,0.40317062,0
gold_006_w01250,gold_006,DEV,1250,1325,0,0.40099666,0
gold_006_w01300,gold_006,DEV,1300,1375,0,0.4118512,0
gold_006_w01350,gold_006,DEV,1350,1425,0,0.3669897,0
gold_006_w01400,gold_006,DEV,1400,1475,0,0.33351701,0
gold_007_w00000,gold_007,DEV,0,75,0,0.1404927,0
gold_007_w00050,gold_007,DEV,50,125,0,0.1491619,0
gold_007_w00100,gold_007,DEV,100,175,0,0.11212324,0
gold_007_w00150,gold_007,DEV,150,225,0,0.1819008,0
gold_007_w00200,gold_007,DEV,200,275,0,0.15322326,0
gold_007_w00250,gold_007,DEV,250,325,0,0.14534526,0
gold_007_w00300,gold_007,DEV,300,375,0,0.16547324,0
gold_007_w00350,gold_007,DEV,350,425,0,0.09444796,0
gold_007_w00400,gold_007,DEV,400,475,0,0.118142046,0
gold_007_w00450,gold_007,DEV,450,525,0,0.2664597,0
gold_007_w00500,gold_007,DEV,500,575,0,0.27096233,0
gold_007_w00550,gold_007,DEV,550,625,0,0.36154377,0
gold_007_w00600,gold_007,DEV,600,675,0,0.3768956,0
gold_007_w00650,gold_007,DEV,650,725,0,0.36068007,0
gold_007_w00700,gold_007,DEV,700,775,1,0.3497592,0
gold_007_w00750,gold_007,DEV,750,825,0,0.25885466,0
gold_007_w00800,gold_007,DEV,800,875,0,0.09883012,0
gold_007_w00850,gold_007,DEV,850,925,0,0.06356168,0
gold_007_w00900,gold_007,DEV,900,975,0,0.100249015,0
gold_007_w00950,gold_007,DEV,950,1025,0,0.048848096,0
gold_007_w01000,gold_007,DEV,1000,1075,0,0.09370424,0
gold_007_w01050,gold_007,DEV,1050,1125,0,0.4819788,0
gold_007_w01100,gold_007,DEV,1100,1175,0,0.551577,0
gold_007_w01150,gold_007,DEV,1150,1225,0,0.3863708,0
gold_007_w01200,gold_007,DEV,1200,1275,0,0.37589574,0
gold_007_w01250,gold_007,DEV,1250,1325,0,0.33892736,0
gold_007_w01300,gold_007,DEV,1300,1375,0,0.30479535,0
gold_007_w01350,gold_007,DEV,1350,1425,0,0.3014939,0
gold_007_w01400,gold_007,DEV,1400,1475,0,0.32882556,0
gold_008_w00000,gold_008,DEV,0,75,0,0.59029394,0
gold_008_w00050,gold_008,DEV,50,125,0,0.59029394,0
gold_008_w00100,gold_008,DEV,100,175,0,0.4862225,0
gold_008_w00150,gold_008,DEV,150,225,1,0.60570997,1
gold_008_w00200,gold_008,DEV,200,275,1,0.82473546,1
gold_008_w00250,gold_008,DEV,250,325,1,0.74394184,1
gold_008_w00300,gold_008,DEV,300,375,0,0.7641691,1
gold_008_w00350,gold_008,DEV,350,425,1,0.78467697,1
gold_008_w00400,gold_008,DEV,400,475,0,0.79426634,1
gold_008_w00450,gold_008,DEV,450,525,1,0.7711788,1
gold_008_w00500,gold_008,DEV,500,575,0,0.7624506,1
gold_008_w00550,gold_008,DEV,550,625,1,0.7378778,1
gold_008_w00600,gold_008,DEV,600,675,0,0.44213238,0
gold_008_w00650,gold_008,DEV,650,725,0,0.4204607,0
gold_008_w00700,gold_008,DEV,700,775,0,0.44991675,0
gold_008_w00750,gold_008,DEV,750,825,0,0.49139547,0
gold_008_w00800,gold_008,DEV,800,875,0,0.5500023,0
gold_008_w00850,gold_008,DEV,850,925,0,0.37030172,0
gold_008_w00900,gold_008,DEV,900,975,0,0.3204714,0
gold_008_w00950,gold_008,DEV,950,1025,0,0.3874066,0
gold_008_w01000,gold_008,DEV,1000,1075,0,0.46809506,0
gold_008_w01050,gold_008,DEV,1050,1125,0,0.5203425,0
gold_008_w01100,gold_008,DEV,1100,1175,0,0.29553652,0
gold_008_w01150,gold_008,DEV,1150,1225,0,0.06438397,0
gold_008_w01200,gold_008,DEV,1200,1275,0,0.10867298,0
gold_008_w01250,gold_008,DEV,1250,1325,0,0.510176,0
gold_008_w01300,gold_008,DEV,1300,1375,0,0.39849514,0
gold_008_w01350,gold_008,DEV,1350,1425,0,0.3197225,0
gold_008_w01400,gold_008,DEV,1400,1475,0,0.26414144,0
gold_009_w00000,gold_009,DEV,0,75,0,0.010518604,0
gold_009_w00050,gold_009,DEV,50,125,0,0.14922318,0
gold_009_w00100,gold_009,DEV,100,175,0,0.49372005,0
gold_009_w00150,gold_009,DEV,150,225,0,0.75687355,1
gold_009_w00200,gold_009,DEV,200,275,0,0.47083187,0
gold_009_w00250,gold_009,DEV,250,325,0,0.44972214,0
gold_009_w00300,gold_009,DEV,300,375,0,0.6452254,1
gold_009_w00350,gold_009,DEV,350,425,1,0.7935861,1
gold_009_w00400,gold_009,DEV,400,475,0,0.7260515,1
gold_009_w00450,gold_009,DEV,450,525,1,0.648886,1
gold_009_w00500,gold_009,DEV,500,575,1,0.6091178,1
gold_009_w00550,gold_009,DEV,550,625,0,0.5794876,0
gold_009_w00600,gold_009,DEV,600,675,0,0.5568261,0
gold_009_w00650,gold_009,DEV,650,725,0,0.31517237,0
gold_009_w00700,gold_009,DEV,700,775,0,0.34471178,0
gold_009_w00750,gold_009,DEV,750,825,1,0.44376045,0
gold_009_w00800,gold_009,DEV,800,875,1,0.56124187,0
gold_009_w00850,gold_009,DEV,850,925,0,0.61178976,1
gold_009_w00900,gold_009,DEV,900,975,0,0.4836211,0
gold_009_w00950,gold_009,DEV,950,1025,0,0.53455144,0
gold_009_w01000,gold_009,DEV,1000,1075,0,0.5445716,0
gold_009_w01050,gold_009,DEV,1050,1125,0,0.55703074,0
gold_009_w01100,gold_009,DEV,1100,1175,0,0.5642326,0
gold_009_w01150,gold_009,DEV,1150,1225,0,0.52323234,0
gold_009_w01200,gold_009,DEV,1200,1275,0,0.5003874,0
gold_009_w01250,gold_009,DEV,1250,1325,0,0.6301029,1
gold_009_w01300,gold_009,DEV,1300,1375,0,0.34656388,0
gold_009_w01350,gold_009,DEV,1350,1425,0,0.34354123,0
gold_009_w01400,gold_009,DEV,1400,1475,0,0.33593255,0
gold_010_w00000,gold_010,DEV,0,75,0,0.35606024,0
gold_010_w00050,gold_010,DEV,50,125,0,0.28860766,0
gold_010_w00100,gold_010,DEV,100,175,0,0.3813069,0
gold_010_w00150,gold_010,DEV,150,225,0,0.52110094,0
gold_010_w00200,gold_010,DEV,200,275,0,0.48879328,0
gold_010_w00250,gold_010,DEV,250,325,0,0.45646814,0
gold_010_w00300,gold_010,DEV,300,375,0,0.44991598,0
gold_010_w00350,gold_010,DEV,350,425,0,0.38922036,0
gold_010_w00400,gold_010,DEV,400,475,0,0.3425355,0
gold_010_w00450,gold_010,DEV,450,525,0,0.37370035,0
gold_010_w00500,gold_010,DEV,500,575,0,0.3650148,0
gold_010_w00550,gold_010,DEV,550,625,0,0.3560005,0
gold_010_w00600,gold_010,DEV,600,675,0,0.35747305,0
gold_010_w00650,gold_010,DEV,650,725,0,0.370253,0
gold_010_w00700,gold_010,DEV,700,775,0,0.35851428,0
gold_010_w00750,gold_010,DEV,750,825,0,0.36390755,0
gold_010_w00800,gold_010,DEV,800,875,0,0.35644948,0
gold_010_w00850,gold_010,DEV,850,925,0,0.36621964,0
gold_010_w00900,gold_010,DEV,900,975,0,0.3730186,0
gold_010_w00950,gold_010,DEV,950,1025,1,0.4395765,0
gold_010_w01000,gold_010,DEV,1000,1075,0,0.4044067,0
gold_010_w01050,gold_010,DEV,1050,1125,0,0.38051996,0
gold_010_w01100,gold_010,DEV,1100,1175,0,0.4431087,0
gold_010_w01150,gold_010,DEV,1150,1225,0,0.39232448,0
gold_010_w01200,gold_010,DEV,1200,1275,0,0.35879955,0
gold_010_w01250,gold_010,DEV,1250,1325,0,0.3173268,0
gold_010_w01300,gold_010,DEV,1300,1375,0,0.4294627,0
gold_010_w01350,gold_010,DEV,1350,1425,0,0.4344526,0
gold_010_w01400,gold_010,DEV,1400,1475,0,0.4109566,0
gold_011_w00000,gold_011,DEV,0,75,0,0.43285728,0
gold_011_w00050,gold_011,DEV,50,125,0,0.39019474,0
gold_011_w00100,gold_011,DEV,100,175,0,0.5577707,0
gold_011_w00150,gold_011,DEV,150,225,0,0.6671265,1
gold_011_w00200,gold_011,DEV,200,275,0,0.51997143,0
gold_011_w00250,gold_011,DEV,250,325,0,0.4272077,0
gold_011_w00300,gold_011,DEV,300,375,0,0.49311918,0
gold_011_w00350,gold_011,DEV,350,425,0,0.5198108,0
gold_011_w00400,gold_011,DEV,400,475,0,0.5491106,0
gold_011_w00450,gold_011,DEV,450,525,0,0.5470369,0
gold_011_w00500,gold_011,DEV,500,575,0,0.5485044,0
gold_011_w00550,gold_011,DEV,550,625,0,0.5379926,0
gold_011_w00600,gold_011,DEV,600,675,0,0.55403334,0
gold_011_w00650,gold_011,DEV,650,725,0,0.40845656,0
gold_011_w00700,gold_011,DEV,700,775,0,0.3659646,0
gold_011_w00750,gold_011,DEV,750,825,0,0.38942802,0
gold_011_w00800,gold_011,DEV,800,875,0,0.35824108,0
gold_011_w00850,gold_011,DEV,850,925,0,0.50090224,0
gold_011_w00900,gold_011,DEV,900,975,0,0.680811,1
gold_011_w00950,gold_011,DEV,950,1025,0,0.6527434,1
gold_011_w01000,gold_011,DEV,1000,1075,0,0.61191785,1
gold_011_w01050,gold_011,DEV,1050,1125,0,0.6175074,1
gold_011_w01100,gold_011,DEV,1100,1175,1,0.61396444,1
gold_011_w01150,gold_011,DEV,1150,1225,0,0.6234482,1
gold_011_w01200,gold_011,DEV,1200,1275,0,0.62280846,1
gold_011_w01250,gold_011,DEV,1250,1325,0,0.6193632,1
gold_011_w01300,gold_011,DEV,1300,1375,0,0.6141101,1
gold_011_w01350,gold_011,DEV,1350,1425,1,0.6022854,1
gold_011_w01400,gold_011,DEV,1400,1475,0,0.56440705,0
gold_012_w00000,gold_012,DEV,0,75,0,0.3107507,0
gold_012_w00050,gold_012,DEV,50,125,0,0.307534,0
gold_012_w00100,gold_012,DEV,100,175,0,0.30144674,0
gold_012_w00150,gold_012,DEV,150,225,0,0.30992994,0
gold_012_w00200,gold_012,DEV,200,275,0,0.36588866,0
gold_012_w00250,gold_012,DEV,250,325,0,0.36121413,0
gold_012_w00300,gold_012,DEV,300,375,0,0.34295624,0
gold_012_w00350,gold_012,DEV,350,425,0,0.34471336,0
gold_012_w00400,gold_012,DEV,400,475,0,0.34255716,0
gold_012_w00450,gold_012,DEV,450,525,0,0.33832082,0
gold_012_w00500,gold_012,DEV,500,575,0,0.34225568,0
gold_012_w00550,gold_012,DEV,550,625,0,0.33647192,0
gold_012_w00600,gold_012,DEV,600,675,0,0.32494852,0
gold_012_w00650,gold_012,DEV,650,725,0,0.34367242,0
gold_012_w00700,gold_012,DEV,700,775,0,0.47587633,0
gold_012_w00750,gold_012,DEV,750,825,0,0.41294217,0
gold_012_w00800,gold_012,DEV,800,875,0,0.367823,0
gold_012_w00850,gold_012,DEV,850,925,0,0.35117897,0
gold_012_w00900,gold_012,DEV,900,975,0,0.46320203,0
gold_012_w00950,gold_012,DEV,950,1025,0,0.50954044,0
gold_012_w01000,gold_012,DEV,1000,1075,0,0.32589462,0
gold_012_w01050,gold_012,DEV,1050,1125,0,0.1702854,0
gold_012_w01100,gold_012,DEV,1100,1175,0,0.18784149,0
gold_012_w01150,gold_012,DEV,1150,1225,0,0.18329763,0
gold_012_w01200,gold_012,DEV,1200,1275,0,0.2003079,0
gold_012_w01250,gold_012,DEV,1250,1325,0,0.18698554,0
gold_012_w01300,gold_012,DEV,1300,1375,0,0.22296456,0
gold_012_w01350,gold_012,DEV,1350,1425,0,0.121744685,0
gold_012_w01400,gold_012,DEV,1400,1475,0,0.15894763,0
gold_013_w00000,gold_013,DEV,0,75,0,0.17863297,0
gold_013_w00050,gold_013,DEV,50,125,0,0.30466944,0
gold_013_w00100,gold_013,DEV,100,175,0,0.5865086,0
gold_013_w00150,gold_013,DEV,150,225,0,0.6316061,1
gold_013_w00200,gold_013,DEV,200,275,1,0.6368734,1
gold_013_w00250,gold_013,DEV,250,325,1,0.627034,1
gold_013_w00300,gold_013,DEV,300,375,0,0.56016773,0
gold_013_w00350,gold_013,DEV,350,425,0,0.42298704,0
gold_013_w00400,gold_013,DEV,400,475,1,0.4786945,0
gold_013_w00450,gold_013,DEV,450,525,0,0.4334999,0
gold_013_w00500,gold_013,DEV,500,575,0,0.43541107,0
gold_013_w00550,gold_013,DEV,550,625,0,0.44937205,0
gold_013_w00600,gold_013,DEV,600,675,0,0.5307174,0
gold_013_w00650,gold_013,DEV,650,725,0,0.4915459,0
gold_013_w00700,gold_013,DEV,700,775,0,0.45976967,0
gold_013_w00750,gold_013,DEV,750,825,0,0.36755273,0
gold_013_w00800,gold_013,DEV,800,875,0,0.35591745,0
gold_013_w00850,gold_013,DEV,850,925,0,0.38297045,0
gold_013_w00900,gold_013,DEV,900,975,0,0.36927307,0
gold_013_w00950,gold_013,DEV,950,1025,0,0.4002078,0
gold_013_w01000,gold_013,DEV,1000,1075,0,0.4114542,0
gold_013_w01050,gold_013,DEV,1050,1125,0,0.012212445,0
gold_013_w01100,gold_013,DEV,1100,1175,0,0.25259313,0
gold_013_w01150,gold_013,DEV,1150,1225,0,0.42721343,0
gold_013_w01200,gold_013,DEV,1200,1275,0,0.33994037,0
gold_013_w01250,gold_013,DEV,1250,1325,1,0.2419422,0
gold_013_w01300,gold_013,DEV,1300,1375,1,0.4199589,0
gold_013_w01350,gold_013,DEV,1350,1425,0,0.38687444,0
gold_013_w01400,gold_013,DEV,1400,1475,0,0.35192516,0
gold_014_w00000,gold_014,DEV,0,75,0,0.3432987,0
gold_014_w00050,gold_014,DEV,50,125,0,0.23114416,0
gold_014_w00100,gold_014,DEV,100,175,0,0.2874305,0
gold_014_w00150,gold_014,DEV,150,225,0,0.18975146,0
gold_014_w00200,gold_014,DEV,200,275,0,0.22412728,0
gold_014_w00250,gold_014,DEV,250,325,0,0.27265465,0
gold_014_w00300,gold_014,DEV,300,375,0,0.25298786,0
gold_014_w00350,gold_014,DEV,350,425,0,0.22196111,0
gold_014_w00400,gold_014,DEV,400,475,0,0.23149243,0
gold_014_w00450,gold_014,DEV,450,525,0,0.22661188,0
gold_014_w00500,gold_014,DEV,500,575,0,0.30507183,0
gold_014_w00550,gold_014,DEV,550,625,0,0.38911733,0
gold_014_w00600,gold_014,DEV,600,675,0,0.32773545,0
gold_014_w00650,gold_014,DEV,650,725,0,0.33135656,0
gold_014_w00700,gold_014,DEV,700,775,0,0.32575577,0
gold_014_w00750,gold_014,DEV,750,825,0,0.31593198,0
gold_014_w00800,gold_014,DEV,800,875,0,0.36468148,0
gold_014_w00850,gold_014,DEV,850,925,0,0.0034901905,0
gold_014_w00900,gold_014,DEV,900,975,0,0.0024202103,0
gold_014_w00950,gold_014,DEV,950,1025,0,0.026086513,0
gold_014_w01000,gold_014,DEV,1000,1075,0,0.09691773,0
gold_014_w01050,gold_014,DEV,1050,1125,0,0.09381128,0
gold_014_w01100,gold_014,DEV,1100,1175,0,0.5945902,0
gold_014_w01150,gold_014,DEV,1150,1225,1,0.72316957,1
gold_014_w01200,gold_014,DEV,1200,1275,1,0.6583797,1
gold_014_w01250,gold_014,DEV,1250,1325,0,0.6183538,1
gold_014_w01300,gold_014,DEV,1300,1375,0,0.59749967,0
gold_014_w01350,gold_014,DEV,1350,1425,0,0.47361636,0
gold_014_w01400,gold_014,DEV,1400,1475,1,0.3913444,0
gold_015_w00000,gold_015,DEV,0,75,0,0.13229758,0
gold_015_w00050,gold_015,DEV,50,125,0,0.1825891,0
gold_015_w00100,gold_015,DEV,100,175,0,0.47445267,0
gold_015_w00150,gold_015,DEV,150,225,0,0.5427685,0
gold_015_w00200,gold_015,DEV,200,275,0,0.53126,0
gold_015_w00250,gold_015,DEV,250,325,0,0.54097974,0
gold_015_w00300,gold_015,DEV,300,375,0,0.55809754,0
gold_015_w00350,gold_015,DEV,350,425,0,0.44323444,0
gold_015_w00400,gold_015,DEV,400,475,0,0.17413326,0
gold_015_w00450,gold_015,DEV,450,525,0,0.26889873,0
gold_015_w00500,gold_015,DEV,500,575,0,0.50724864,0
gold_015_w00550,gold_015,DEV,550,625,1,0.80883145,1
gold_015_w00600,gold_015,DEV,600,675,1,0.63682455,1
gold_015_w00650,gold_015,DEV,650,725,1,0.31641757,0
gold_015_w00700,gold_015,DEV,700,775,0,0.15926023,0
gold_015_w00750,gold_015,DEV,750,825,0,0.22648726,0
gold_015_w00800,gold_015,DEV,800,875,0,0.21161105,0
gold_015_w00850,gold_015,DEV,850,925,0,0.5235914,0
gold_015_w00900,gold_015,DEV,900,975,0,0.6917083,1
gold_015_w00950,gold_015,DEV,950,1025,0,0.38771743,0
gold_015_w01000,gold_015,DEV,1000,1075,0,0.3213718,0
gold_015_w01050,gold_015,DEV,1050,1125,0,0.49010724,0
gold_015_w01100,gold_015,DEV,1100,1175,0,0.3060562,0
gold_015_w01150,gold_015,DEV,1150,1225,0,0.21825638,0
gold_015_w01200,gold_015,DEV,1200,1275,0,0.25021496,0
gold_015_w01250,gold_015,DEV,1250,1325,0,0.26792526,0
gold_015_w01300,gold_015,DEV,1300,1375,0,0.31797647,0
gold_015_w01350,gold_015,DEV,1350,1425,0,0.2932983,0
gold_015_w01400,gold_015,DEV,1400,1475,1,0.19005899,0
gold_016_w00000,gold_016,TEST,0,75,0,0.4033184,0
gold_016_w00050,gold_016,TEST,50,125,0,0.1020185,0
gold_016_w00100,gold_016,TEST,100,175,0,0.12980086,0
gold_016_w00150,gold_016,TEST,150,225,0,0.23469892,0
gold_016_w00200,gold_016,TEST,200,275,0,0.26755226,0
gold_016_w00250,gold_016,TEST,250,325,0,0.2718768,0
gold_016_w00300,gold_016,TEST,300,375,0,0.2782309,0
gold_016_w00350,gold_016,TEST,350,425,0,0.27320114,0
gold_016_w00400,gold_016,TEST,400,475,0,0.20199715,0
gold_016_w00450,gold_016,TEST,450,525,0,0.20846096,0
gold_016_w00500,gold_016,TEST,500,575,0,0.25232956,0
gold_016_w00550,gold_016,TEST,550,625,0,0.2661836,0
gold_016_w00600,gold_016,TEST,600,675,0,0.17987236,0
gold_016_w00650,gold_016,TEST,650,725,0,0.34114322,0
gold_016_w00700,gold_016,TEST,700,775,0,0.50572884,0
gold_016_w00750,gold_016,TEST,750,825,0,0.48530498,0
gold_016_w00800,gold_016,TEST,800,875,0,0.48214468,0
gold_016_w00850,gold_016,TEST,850,925,0,0.050454695,0
gold_016_w00900,gold_016,TEST,900,975,0,0.07696998,0
gold_016_w00950,gold_016,TEST,950,1025,0,0.074303724,0
gold_016_w01000,gold_016,TEST,1000,1075,0,0.16189301,0
gold_016_w01050,gold_016,TEST,1050,1125,0,0.28418025,0
gold_016_w01100,gold_016,TEST,1100,1175,0,0.24176636,0
gold_016_w01150,gold_016,TEST,1150,1225,1,0.36109465,0
gold_016_w01200,gold_016,TEST,1200,1275,1,0.52452785,0
gold_016_w01250,gold_016,TEST,1250,1325,0,0.5171661,0
gold_016_w01300,gold_016,TEST,1300,1375,0,0.508974,0
gold_016_w01350,gold_016,TEST,1350,1425,1,0.51913464,0
gold_016_w01400,gold_016,TEST,1400,1475,0,0.5211318,0
gold_017_w00000,gold_017,TEST,0,75,0,0.2994046,0
gold_017_w00050,gold_017,TEST,50,125,0,0.17080061,0
gold_017_w00100,gold_017,TEST,100,175,0,0.28653824,0
gold_017_w00150,gold_017,TEST,150,225,0,0.31809098,0
gold_017_w00200,gold_017,TEST,200,275,0,0.32988545,0
gold_017_w00250,gold_017,TEST,250,325,0,0.34153652,0
gold_017_w00300,gold_017,TEST,300,375,0,0.34260586,0
gold_017_w00350,gold_017,TEST,350,425,1,0.3462652,0
gold_017_w00400,gold_017,TEST,400,475,0,0.28572446,0
gold_017_w00450,gold_017,TEST,450,525,0,0.33382526,0
gold_017_w00500,gold_017,TEST,500,575,0,0.33565977,0
gold_017_w00550,gold_017,TEST,550,625,1,0.015478798,0
gold_017_w00600,gold_017,TEST,600,675,1,0.011123318,0
gold_017_w00650,gold_017,TEST,650,725,0,0.48146915,0
gold_017_w00700,gold_017,TEST,700,775,0,0.5471708,0
gold_017_w00750,gold_017,TEST,750,825,0,0.5573611,0
gold_017_w00800,gold_017,TEST,800,875,0,0.49383232,0
gold_017_w00850,gold_017,TEST,850,925,0,0.476266,0
gold_017_w00900,gold_017,TEST,900,975,0,0.49212492,0
gold_017_w00950,gold_017,TEST,950,1025,0,0.55861604,0
gold_017_w01000,gold_017,TEST,1000,1075,0,0.51589835,0
gold_017_w01050,gold_017,TEST,1050,1125,0,0.4965943,0
gold_017_w01100,gold_017,TEST,1100,1175,0,0.49482495,0
gold_017_w01150,gold_017,TEST,1150,1225,0,0.48675907,0
gold_017_w01200,gold_017,TEST,1200,1275,1,0.42529923,0
gold_017_w01250,gold_017,TEST,1250,1325,0,0.41264594,0
gold_017_w01300,gold_017,TEST,1300,1375,0,0.5061405,0
gold_017_w01350,gold_017,TEST,1350,1425,0,0.4899106,0
gold_017_w01400,gold_017,TEST,1400,1475,0,0.45812342,0
gold_018_w00000,gold_018,TEST,0,75,1,0.41006437,0
gold_018_w00050,gold_018,TEST,50,125,1,0.41540495,0
gold_018_w00100,gold_018,TEST,100,175,1,0.39359167,0
gold_018_w00150,gold_018,TEST,150,225,0,0.3992246,0
gold_018_w00200,gold_018,TEST,200,275,1,0.4012144,0
gold_018_w00250,gold_018,TEST,250,325,1,0.42606425,0
gold_018_w00300,gold_018,TEST,300,375,0,0.41370994,0
gold_018_w00350,gold_018,TEST,350,425,0,0.4317559,0
gold_018_w00400,gold_018,TEST,400,475,0,0.41731554,0
gold_018_w00450,gold_018,TEST,450,525,0,0.41188407,0
gold_018_w00500,gold_018,TEST,500,575,0,0.41688332,0
gold_018_w00550,gold_018,TEST,550,625,0,0.4230463,0
gold_018_w00600,gold_018,TEST,600,675,0,0.4306381,0
gold_018_w00650,gold_018,TEST,650,725,0,0.42432302,0
gold_018_w00700,gold_018,TEST,700,775,0,0.41655847,0
gold_018_w00750,gold_018,TEST,750,825,0,0.4303102,0
gold_018_w00800,gold_018,TEST,800,875,0,0.41413468,0
gold_018_w00850,gold_018,TEST,850,925,0,0.32369906,0
gold_018_w00900,gold_018,TEST,900,975,0,0.29124516,0
gold_018_w00950,gold_018,TEST,950,1025,1,0.35603625,0
gold_018_w01000,gold_018,TEST,1000,1075,1,0.36346668,0
gold_018_w01050,gold_018,TEST,1050,1125,0,0.38509777,0
gold_018_w01100,gold_018,TEST,1100,1175,0,0.41409218,0
gold_018_w01150,gold_018,TEST,1150,1225,0,0.42407796,0
gold_018_w01200,gold_018,TEST,1200,1275,1,0.42188203,0
gold_018_w01250,gold_018,TEST,1250,1325,1,0.43212217,0
gold_018_w01300,gold_018,TEST,1300,1375,0,0.42056876,0
gold_018_w01350,gold_018,TEST,1350,1425,0,0.3594124,0
gold_018_w01400,gold_018,TEST,1400,1475,0,0.32820868,0
gold_019_w00000,gold_019,TEST,0,75,0,0.24828507,0
gold_019_w00050,gold_019,TEST,50,125,0,0.13599634,0
gold_019_w00100,gold_019,TEST,100,175,0,0.18692696,0
gold_019_w00150,gold_019,TEST,150,225,0,0.13855782,0
gold_019_w00200,gold_019,TEST,200,275,0,0.14615938,0
gold_019_w00250,gold_019,TEST,250,325,0,0.14296307,0
gold_019_w00300,gold_019,TEST,300,375,0,0.15081102,0
gold_019_w00350,gold_019,TEST,350,425,0,0.13110621,0
gold_019_w00400,gold_019,TEST,400,475,0,0.13637756,0
gold_019_w00450,gold_019,TEST,450,525,0,0.13872035,0
gold_019_w00500,gold_019,TEST,500,575,1,0.12967005,0
gold_019_w00550,gold_019,TEST,550,625,1,0.12562542,0
gold_019_w00600,gold_019,TEST,600,675,0,0.124033034,0
gold_019_w00650,gold_019,TEST,650,725,0,0.104982495,0
gold_019_w00700,gold_019,TEST,700,775,0,0.12332368,0
gold_019_w00750,gold_019,TEST,750,825,1,0.16149239,0
gold_019_w00800,gold_019,TEST,800,875,0,0.17131034,0
gold_019_w00850,gold_019,TEST,850,925,0,0.22982633,0
gold_019_w00900,gold_019,TEST,900,975,0,0.20242445,0
gold_019_w00950,gold_019,TEST,950,1025,0,0.19015503,0
gold_019_w01000,gold_019,TEST,1000,1075,0,0.1651816,0
gold_019_w01050,gold_019,TEST,1050,1125,0,0.118600614,0
gold_019_w01100,gold_019,TEST,1100,1175,0,0.080173545,0
gold_019_w01150,gold_019,TEST,1150,1225,0,0.07613282,0
gold_019_w01200,gold_019,TEST,1200,1275,0,0.072012566,0
gold_019_w01250,gold_019,TEST,1250,1325,1,0.064354844,0
gold_019_w01300,gold_019,TEST,1300,1375,1,0.057732284,0
gold_019_w01350,gold_019,TEST,1350,1425,0,0.04191308,0
gold_019_w01400,gold_019,TEST,1400,1475,0,0.037632775,0
gold_020_w00000,gold_020,TEST,0,75,0,0.50381845,0
gold_020_w00050,gold_020,TEST,50,125,0,0.4260965,0
gold_020_w00100,gold_020,TEST,100,175,0,0.4488288,0
gold_020_w00150,gold_020,TEST,150,225,0,0.45444128,0
gold_020_w00200,gold_020,TEST,200,275,1,0.4646059,0
gold_020_w00250,gold_020,TEST,250,325,1,0.47589216,0
gold_020_w00300,gold_020,TEST,300,375,0,0.48010942,0
gold_020_w00350,gold_020,TEST,350,425,0,0.56837136,0
gold_020_w00400,gold_020,TEST,400,475,1,0.07267134,0
gold_020_w00450,gold_020,TEST,450,525,1,0.06024301,0
gold_020_w00500,gold_020,TEST,500,575,0,0.46013257,0
gold_020_w00550,gold_020,TEST,550,625,0,0.3586475,0
gold_020_w00600,gold_020,TEST,600,675,0,0.23825265,0
gold_020_w00650,gold_020,TEST,650,725,1,0.029400984,0
gold_020_w00700,gold_020,TEST,700,775,1,0.0079927575,0
gold_020_w00750,gold_020,TEST,750,825,1,0.0092691,0
gold_020_w00800,gold_020,TEST,800,875,0,6.901086e-05,0
gold_020_w00850,gold_020,TEST,850,925,0,0.00633763,0
gold_020_w00900,gold_020,TEST,900,975,0,0.38775587,0
gold_020_w00950,gold_020,TEST,950,1025,0,0.23823413,0
gold_020_w01000,gold_020,TEST,1000,1075,0,0.265107,0
gold_020_w01050,gold_020,TEST,1050,1125,0,0.3048101,0
gold_020_w01100,gold_020,TEST,1100,1175,0,0.42488343,0
gold_020_w01150,gold_020,TEST,1150,1225,0,0.40753865,0
gold_020_w01200,gold_020,TEST,1200,1275,0,0.5008035,0
gold_020_w01250,gold_020,TEST,1250,1325,0,0.50292593,0
gold_020_w01300,gold_020,TEST,1300,1375,0,0.38165224,0
gold_020_w01350,gold_020,TEST,1350,1425,0,0.43911853,0
gold_020_w01400,gold_020,TEST,1400,1475,0,0.54294384,0
gold_021_w00000,gold_021,TEST,0,75,0,0.13133132,0
gold_021_w00050,gold_021,TEST,50,125,0,0.44897693,0
gold_021_w00100,gold_021,TEST,100,175,1,0.5393211,0
gold_021_w00150,gold_021,TEST,150,225,1,0.5734913,0
gold_021_w00200,gold_021,TEST,200,275,1,0.58220154,0
gold_021_w00250,gold_021,TEST,250,325,1,0.5665284,0
gold_021_w00300,gold_021,TEST,300,375,0,0.5253932,0
gold_021_w00350,gold_021,TEST,350,425,1,0.4524081,0
gold_021_w00400,gold_021,TEST,400,475,1,0.50248295,0
gold_021_w00450,gold_021,TEST,450,525,1,0.53994983,0
gold_021_w00500,gold_021,TEST,500,575,0,0.5129649,0
gold_021_w00550,gold_021,TEST,550,625,0,0.4705426,0
gold_021_w00600,gold_021,TEST,600,675,1,0.4363831,0
gold_021_w00650,gold_021,TEST,650,725,1,0.27018943,0
gold_021_w00700,gold_021,TEST,700,775,0,0.26434284,0
gold_021_w00750,gold_021,TEST,750,825,0,0.41195685,0
gold_021_w00800,gold_021,TEST,800,875,0,0.2178562,0
gold_021_w00850,gold_021,TEST,850,925,0,0.6317201,1
gold_021_w00900,gold_021,TEST,900,975,0,0.6394738,1
gold_021_w00950,gold_021,TEST,950,1025,0,0.5057472,0
gold_021_w01000,gold_021,TEST,1000,1075,0,0.4823797,0
gold_021_w01050,gold_021,TEST,1050,1125,0,0.42104375,0
gold_021_w01100,gold_021,TEST,1100,1175,0,0.5137895,0
gold_021_w01150,gold_021,TEST,1150,1225,0,0.43352404,0
gold_021_w01200,gold_021,TEST,1200,1275,0,0.43069002,0
gold_021_w01250,gold_021,TEST,1250,1325,0,0.419805,0
gold_021_w01300,gold_021,TEST,1300,1375,0,0.5881706,0
gold_021_w01350,gold_021,TEST,1350,1425,0,0.59818107,0
gold_021_w01400,gold_021,TEST,1400,1475,0,0.29971477,0
gold_022_w00000,gold_022,TEST,0,75,0,0.60787475,1
gold_022_w00050,gold_022,TEST,50,125,0,0.2726177,0
gold_022_w00100,gold_022,TEST,100,175,1,0.2986393,0
gold_022_w00150,gold_022,TEST,150,225,0,0.68636143,1
gold_022_w00200,gold_022,TEST,200,275,0,0.7308548,1
gold_022_w00250,gold_022,TEST,250,325,0,0.73983675,1
gold_022_w00300,gold_022,TEST,300,375,0,0.63026917,1
gold_022_w00350,gold_022,TEST,350,425,0,0.713694,1
gold_022_w00400,gold_022,TEST,400,475,0,0.42487144,0
gold_022_w00450,gold_022,TEST,450,525,0,0.078825146,0
gold_022_w00500,gold_022,TEST,500,575,0,0.042043786,0
gold_022_w00550,gold_022,TEST,550,625,0,0.0051696287,0
gold_022_w00600,gold_022,TEST,600,675,0,0.007504729,0
gold_022_w00650,gold_022,TEST,650,725,0,0.016447999,0
gold_022_w00700,gold_022,TEST,700,775,0,0.054428346,0
gold_022_w00750,gold_022,TEST,750,825,0,0.0025710417,0
gold_022_w00800,gold_022,TEST,800,875,0,0.0054722093,0
gold_022_w00850,gold_022,TEST,850,925,0,0.003933858,0
gold_022_w00900,gold_022,TEST,900,975,0,0.009895709,0
gold_022_w00950,gold_022,TEST,950,1025,0,0.043422624,0
gold_022_w01000,gold_022,TEST,1000,1075,0,0.23127304,0
gold_022_w01050,gold_022,TEST,1050,1125,0,0.32536942,0
gold_022_w01100,gold_022,TEST,1100,1175,0,0.09463496,0
gold_022_w01150,gold_022,TEST,1150,1225,0,0.02742947,0
gold_022_w01200,gold_022,TEST,1200,1275,0,0.05205949,0
gold_022_w01250,gold_022,TEST,1250,1325,0,0.03802018,0
gold_022_w01300,gold_022,TEST,1300,1375,0,0.050011393,0
gold_022_w01350,gold_022,TEST,1350,1425,0,0.07891816,0
gold_022_w01400,gold_022,TEST,1400,1475,0,0.714743,1
gold_023_w00000,gold_023,TEST,0,75,0,0.19892986,0
gold_023_w00050,gold_023,TEST,50,125,0,0.327802,0
gold_023_w00100,gold_023,TEST,100,175,0,0.19506773,0
gold_023_w00150,gold_023,TEST,150,225,0,0.3945454,0
gold_023_w00200,gold_023,TEST,200,275,0,0.31058976,0
gold_023_w00250,gold_023,TEST,250,325,0,0.2820922,0
gold_023_w00300,gold_023,TEST,300,375,0,0.45958248,0
gold_023_w00350,gold_023,TEST,350,425,0,0.5067851,0
gold_023_w00400,gold_023,TEST,400,475,1,0.4395174,0
gold_023_w00450,gold_023,TEST,450,525,1,0.42678913,0
gold_023_w00500,gold_023,TEST,500,575,1,0.30604982,0
gold_023_w00550,gold_023,TEST,550,625,0,0.23220891,0
gold_023_w00600,gold_023,TEST,600,675,0,0.21649563,0
gold_023_w00650,gold_023,TEST,650,725,0,0.29028207,0
gold_023_w00700,gold_023,TEST,700,775,0,0.33399805,0
gold_023_w00750,gold_023,TEST,750,825,0,0.33161676,0
gold_023_w00800,gold_023,TEST,800,875,0,0.3297827,0
gold_023_w00850,gold_023,TEST,850,925,0,0.33977002,0
gold_023_w00900,gold_023,TEST,900,975,0,0.26328558,0
gold_023_w00950,gold_023,TEST,950,1025,0,0.15373966,0
gold_023_w01000,gold_023,TEST,1000,1075,0,0.3283831,0
gold_023_w01050,gold_023,TEST,1050,1125,0,0.1868941,0
gold_023_w01100,gold_023,TEST,1100,1175,0,0.112478465,0
gold_023_w01150,gold_023,TEST,1150,1225,0,0.01816543,0
gold_023_w01200,gold_023,TEST,1200,1275,0,0.103368156,0
gold_023_w01250,gold_023,TEST,1250,1325,0,0.27353296,0
gold_023_w01300,gold_023,TEST,1300,1375,0,0.17884198,0
gold_023_w01350,gold_023,TEST,1350,1425,0,0.16128485,0
gold_023_w01400,gold_023,TEST,1400,1475,0,0.2350672,0
gold_024_w00000,gold_024,TEST,0,75,0,0.2826335,0
gold_024_w00050,gold_024,TEST,50,125,0,0.23849533,0
gold_024_w00100,gold_024,TEST,100,175,0,0.22201745,0
gold_024_w00150,gold_024,TEST,150,225,0,0.2145083,0
gold_024_w00200,gold_024,TEST,200,275,0,0.22863941,0
gold_024_w00250,gold_024,TEST,250,325,0,0.23666003,0
gold_024_w00300,gold_024,TEST,300,375,0,0.24817039,0
gold_024_w00350,gold_024,TEST,350,425,1,0.22346957,0
gold_024_w00400,gold_024,TEST,400,475,1,0.22609115,0
gold_024_w00450,gold_024,TEST,450,525,0,0.20813933,0
gold_024_w00500,gold_024,TEST,500,575,0,0.20139532,0
gold_024_w00550,gold_024,TEST,550,625,0,0.21838245,0
gold_024_w00600,gold_024,TEST,600,675,0,0.22242215,0
gold_024_w00650,gold_024,TEST,650,725,0,0.2203645,0
gold_024_w00700,gold_024,TEST,700,775,0,0.2255674,0
gold_024_w00750,gold_024,TEST,750,825,0,0.2248056,0
gold_024_w00800,gold_024,TEST,800,875,0,0.23150069,0
gold_024_w00850,gold_024,TEST,850,925,0,0.21976596,0
gold_024_w00900,gold_024,TEST,900,975,0,0.21503451,0
gold_024_w00950,gold_024,TEST,950,1025,0,0.22167121,0
gold_024_w01000,gold_024,TEST,1000,1075,0,0.11338866,0
gold_024_w01050,gold_024,TEST,1050,1125,1,0.18619937,0
gold_024_w01100,gold_024,TEST,1100,1175,0,0.27840397,0
gold_024_w01150,gold_024,TEST,1150,1225,0,0.26717326,0
gold_024_w01200,gold_024,TEST,1200,1275,0,0.25540495,0
gold_024_w01250,gold_024,TEST,1250,1325,0,0.24011242,0
gold_024_w01300,gold_024,TEST,1300,1375,0,0.24384627,0
gold_024_w01350,gold_024,TEST,1350,1425,0,0.24824384,0
gold_024_w01400,gold_024,TEST,1400,1475,0,0.263269,0
gold_025_w00000,gold_025,TEST,0,75,0,0.104744,0
gold_025_w00050,gold_025,TEST,50,125,0,0.0059364974,0
gold_025_w00100,gold_025,TEST,100,175,0,0.014363084,0
gold_025_w00150,gold_025,TEST,150,225,0,0.019067481,0
gold_025_w00200,gold_025,TEST,200,275,0,0.3378936,0
gold_025_w00250,gold_025,TEST,250,325,0,0.50117546,0
gold_025_w00300,gold_025,TEST,300,375,0,0.52068406,0
gold_025_w00350,gold_025,TEST,350,425,0,0.4747271,0
gold_025_w00400,gold_025,TEST,400,475,0,0.45748365,0
gold_025_w00450,gold_025,TEST,450,525,0,0.2548869,0
gold_025_w00500,gold_025,TEST,500,575,0,0.3762061,0
gold_025_w00550,gold_025,TEST,550,625,0,0.32627356,0
gold_025_w00600,gold_025,TEST,600,675,0,0.28990415,0
gold_025_w00650,gold_025,TEST,650,725,0,0.30702353,0
gold_025_w00700,gold_025,TEST,700,775,0,0.020308146,0
gold_025_w00750,gold_025,TEST,750,825,0,0.06133657,0
gold_025_w00800,gold_025,TEST,800,875,0,0.3420803,0
gold_025_w00850,gold_025,TEST,850,925,0,0.60953057,1
gold_025_w00900,gold_025,TEST,900,975,0,0.5738874,0
gold_025_w00950,gold_025,TEST,950,1025,0,0.12182803,0
gold_025_w01000,gold_025,TEST,1000,1075,1,0.08023824,0
gold_025_w01050,gold_025,TEST,1050,1125,1,0.31463435,0
gold_025_w01100,gold_025,TEST,1100,1175,0,0.6811752,1
gold_025_w01150,gold_025,TEST,1150,1225,0,0.6506812,1
gold_025_w01200,gold_025,TEST,1200,1275,0,0.1826448,0
gold_025_w01250,gold_025,TEST,1250,1325,0,0.2919118,0
gold_025_w01300,gold_025,TEST,1300,1375,0,0.40232894,0
gold_025_w01350,gold_025,TEST,1350,1425,0,0.66709733,1
gold_025_w01400,gold_025,TEST,1400,1475,0,0.623471,1
gold_026_w00000,gold_026,TEST,0,75,0,0.33364782,0
gold_026_w00050,gold_026,TEST,50,125,0,0.39998454,0
gold_026_w00100,gold_026,TEST,100,175,1,0.39586675,0
gold_026_w00150,gold_026,TEST,150,225,0,0.45399976,0
gold_026_w00200,gold_026,TEST,200,275,1,0.32381043,0
gold_026_w00250,gold_026,TEST,250,325,1,0.36196068,0
gold_026_w00300,gold_026,TEST,300,375,1,0.40159285,0
gold_026_w00350,gold_026,TEST,350,425,1,0.68492955,1
gold_026_w00400,gold_026,TEST,400,475,1,0.6243047,1
gold_026_w00450,gold_026,TEST,450,525,1,0.41401684,0
gold_026_w00500,gold_026,TEST,500,575,1,0.5593306,0
gold_026_w00550,gold_026,TEST,550,625,1,0.549407,0
gold_026_w00600,gold_026,TEST,600,675,0,0.57161635,0
gold_026_w00650,gold_026,TEST,650,725,0,0.41473576,0
gold_026_w00700,gold_026,TEST,700,775,0,0.38320103,0
gold_026_w00750,gold_026,TEST,750,825,0,0.27657247,0
gold_026_w00800,gold_026,TEST,800,875,0,0.33073026,0
gold_026_w00850,gold_026,TEST,850,925,0,0.48664108,0
gold_026_w00900,gold_026,TEST,900,975,0,0.4325449,0
gold_026_w00950,gold_026,TEST,950,1025,0,0.42423156,0
gold_026_w01000,gold_026,TEST,1000,1075,0,0.5511211,0
gold_026_w01050,gold_026,TEST,1050,1125,0,0.575967,0
gold_026_w01100,gold_026,TEST,1100,1175,0,0.5675959,0
gold_026_w01150,gold_026,TEST,1150,1225,0,0.4802128,0
gold_026_w01200,gold_026,TEST,1200,1275,0,0.4508073,0
gold_026_w01250,gold_026,TEST,1250,1325,0,0.49328277,0
gold_026_w01300,gold_026,TEST,1300,1375,0,0.60452867,1
gold_026_w01350,gold_026,TEST,1350,1425,0,0.7064549,1
gold_026_w01400,gold_026,TEST,1400,1475,0,0.67072636,1
gold_027_w00000,gold_027,TEST,0,75,0,0.16756323,0
gold_027_w00050,gold_027,TEST,50,125,0,0.15733536,0
gold_027_w00100,gold_027,TEST,100,175,0,0.31755623,0
gold_027_w00150,gold_027,TEST,150,225,0,0.38254192,0
gold_027_w00200,gold_027,TEST,200,275,0,0.3783232,0
gold_027_w00250,gold_027,TEST,250,325,0,0.3703636,0
gold_027_w00300,gold_027,TEST,300,375,0,0.3660366,0
gold_027_w00350,gold_027,TEST,350,425,0,0.3638641,0
gold_027_w00400,gold_027,TEST,400,475,0,0.3500309,0
gold_027_w00450,gold_027,TEST,450,525,0,0.29889268,0
gold_027_w00500,gold_027,TEST,500,575,0,0.31137913,0
gold_027_w00550,gold_027,TEST,550,625,0,0.34040606,0
gold_027_w00600,gold_027,TEST,600,675,0,0.5341024,0
gold_027_w00650,gold_027,TEST,650,725,0,0.55103946,0
gold_027_w00700,gold_027,TEST,700,775,0,0.016023802,0
gold_027_w00750,gold_027,TEST,750,825,0,0.00012305546,0
gold_027_w00800,gold_027,TEST,800,875,0,0.01397087,0
gold_027_w00850,gold_027,TEST,850,925,0,0.01426594,0
gold_027_w00900,gold_027,TEST,900,975,0,0.30083334,0
gold_027_w00950,gold_027,TEST,950,1025,1,0.26478133,0
gold_027_w01000,gold_027,TEST,1000,1075,1,0.27095938,0
gold_027_w01050,gold_027,TEST,1050,1125,1,0.2520423,0
gold_027_w01100,gold_027,TEST,1100,1175,0,0.2043681,0
gold_027_w01150,gold_027,TEST,1150,1225,0,0.002186496,0
gold_027_w01200,gold_027,TEST,1200,1275,0,0.0014283403,0
gold_027_w01250,gold_027,TEST,1250,1325,0,0.14363411,0
gold_027_w01300,gold_027,TEST,1300,1375,0,0.13790089,0
gold_027_w01350,gold_027,TEST,1350,1425,0,0.113110185,0
gold_027_w01400,gold_027,TEST,1400,1475,0,0.042492017,0
gold_028_w00000,gold_028,TEST,0,75,0,0.48246747,0
gold_028_w00050,gold_028,TEST,50,125,0,0.47683862,0
gold_028_w00100,gold_028,TEST,100,175,0,0.49049267,0
gold_028_w00150,gold_028,TEST,150,225,0,0.53618115,0
gold_028_w00200,gold_028,TEST,200,275,0,0.5067055,0
gold_028_w00250,gold_028,TEST,250,325,0,0.50599,0
gold_028_w00300,gold_028,TEST,300,375,0,0.5065571,0
gold_028_w00350,gold_028,TEST,350,425,0,0.50690216,0
gold_028_w00400,gold_028,TEST,400,475,0,0.50549144,0
gold_028_w00450,gold_028,TEST,450,525,1,0.5261913,0
gold_028_w00500,gold_028,TEST,500,575,0,0.49999225,0
gold_028_w00550,gold_028,TEST,550,625,0,0.48550922,0
gold_028_w00600,gold_028,TEST,600,675,0,0.5017238,0
gold_028_w00650,gold_028,TEST,650,725,0,0.50303376,0
gold_028_w00700,gold_028,TEST,700,775,0,0.5165226,0
gold_028_w00750,gold_028,TEST,750,825,0,0.50639325,0
gold_028_w00800,gold_028,TEST,800,875,0,0.49633926,0
gold_028_w00850,gold_028,TEST,850,925,0,0.51252306,0
gold_028_w00900,gold_028,TEST,900,975,0,0.508797,0
gold_028_w00950,gold_028,TEST,950,1025,0,0.51543987,0
gold_028_w01000,gold_028,TEST,1000,1075,0,0.49479535,0
gold_028_w01050,gold_028,TEST,1050,1125,0,0.49054798,0
gold_028_w01100,gold_028,TEST,1100,1175,0,0.38595343,0
gold_028_w01150,gold_028,TEST,1150,1225,0,0.8052925,1
gold_028_w01200,gold_028,TEST,1200,1275,0,0.49327958,0
gold_028_w01250,gold_028,TEST,1250,1325,0,0.18213797,0
gold_028_w01300,gold_028,TEST,1300,1375,0,0.64825624,1
gold_028_w01350,gold_028,TEST,1350,1425,0,0.51399213,0
gold_028_w01400,gold_028,TEST,1400,1475,0,0.45503083,0
gold_029_w00000,gold_029,TEST,0,75,0,0.40913114,0
gold_029_w00050,gold_029,TEST,50,125,0,0.66681916,1
gold_029_w00100,gold_029,TEST,100,175,0,0.68533665,1
gold_029_w00150,gold_029,TEST,150,225,0,0.67322475,1
gold_029_w00200,gold_029,TEST,200,275,0,0.6716812,1
gold_029_w00250,gold_029,TEST,250,325,0,0.6809173,1
gold_029_w00300,gold_029,TEST,300,375,0,0.6574409,1
gold_029_w00350,gold_029,TEST,350,425,0,0.5757561,0
gold_029_w00400,gold_029,TEST,400,475,0,0.5942759,0
gold_029_w00450,gold_029,TEST,450,525,1,0.5343614,0
gold_029_w00500,gold_029,TEST,500,575,1,0.45791745,0
gold_029_w00550,gold_029,TEST,550,625,0,0.39407292,0
gold_029_w00600,gold_029,TEST,600,675,0,0.38045275,0
gold_029_w00650,gold_029,TEST,650,725,0,0.36022553,0
gold_029_w00700,gold_029,TEST,700,775,0,0.4240057,0
gold_029_w00750,gold_029,TEST,750,825,0,0.38254398,0
gold_029_w00800,gold_029,TEST,800,875,1,0.39685228,0
gold_029_w00850,gold_029,TEST,850,925,0,0.33076945,0
gold_029_w00900,gold_029,TEST,900,975,0,0.30288303,0
gold_029_w00950,gold_029,TEST,950,1025,0,0.34550852,0
gold_029_w01000,gold_029,TEST,1000,1075,0,0.46167743,0
gold_029_w01050,gold_029,TEST,1050,1125,0,0.5994218,0
gold_029_w01100,gold_029,TEST,1100,1175,0,0.60204387,1
gold_029_w01150,gold_029,TEST,1150,1225,0,0.5675016,0
gold_029_w01200,gold_029,TEST,1200,1275,0,0.48331252,0
gold_029_w01250,gold_029,TEST,1250,1325,0,0.39341468,0
gold_029_w01300,gold_029,TEST,1300,1375,0,0.34139335,0
gold_029_w01350,gold_029,TEST,1350,1425,0,0.22128578,0
gold_029_w01400,gold_029,TEST,1400,1475,0,0.23093778,0
gold_030_w00000,gold_030,TEST,0,75,0,0.61835045,1
gold_030_w00050,gold_030,TEST,50,125,0,0.4760534,0
gold_030_w00100,gold_030,TEST,100,175,0,0.55249065,0
gold_030_w00150,gold_030,TEST,150,225,0,0.72062016,1
gold_030_w00200,gold_030,TEST,200,275,0,0.7161898,1
gold_030_w00250,gold_030,TEST,250,325,0,0.5010318,0
gold_030_w00300,gold_030,TEST,300,375,0,0.4315509,0
gold_030_w00350,gold_030,TEST,350,425,0,0.52720845,0
gold_030_w00400,gold_030,TEST,400,475,1,0.47551253,0
gold_030_w00450,gold_030,TEST,450,525,1,0.5142485,0
gold_030_w00500,gold_030,TEST,500,575,1,0.48541263,0
gold_030_w00550,gold_030,TEST,550,625,1,0.6221347,1
gold_030_w00600,gold_030,TEST,600,675,1,0.6158121,1
gold_030_w00650,gold_030,TEST,650,725,1,0.4765934,0
gold_030_w00700,gold_030,TEST,700,775,1,0.48447907,0
gold_030_w00750,gold_030,TEST,750,825,0,0.48800313,0
gold_030_w00800,gold_030,TEST,800,875,0,0.45662233,0
gold_030_w00850,gold_030,TEST,850,925,0,0.43927416,0
gold_030_w00900,gold_030,TEST,900,975,0,0.4551533,0
gold_030_w00950,gold_030,TEST,950,1025,0,0.4016663,0
gold_030_w01000,gold_030,TEST,1000,1075,0,0.35935965,0
gold_030_w01050,gold_030,TEST,1050,1125,0,0.39490983,0
gold_030_w01100,gold_030,TEST,1100,1175,0,0.4188209,0
gold_030_w01150,gold_030,TEST,1150,1225,0,0.44835743,0
gold_030_w01200,gold_030,TEST,1200,1275,0,0.44984847,0
gold_030_w01250,gold_030,TEST,1250,1325,0,0.4725197,0
gold_030_w01300,gold_030,TEST,1300,1375,0,0.4525295,0
gold_030_w01350,gold_030,TEST,1350,1425,0,0.4675915,0
gold_030_w01400,gold_030,TEST,1400,1475,0,0.4549799,0
