window_id,sample_id,split,start_sec,end_sec,label,rule_score,dev_selected_pred
gold_001_w00000,gold_001,DEV,0.0,3.0,0,1.4999485371551913,0
gold_001_w00050,gold_001,DEV,2.0,5.0,0,0.7637922169167428,0
gold_001_w00100,gold_001,DEV,4.0,7.0,0,0.9291139660459606,0
gold_001_w00150,gold_001,DEV,6.0,9.0,0,0.6462859440516784,0
gold_001_w00200,gold_001,DEV,8.0,11.0,0,1.1955046464791144,0
gold_001_w00250,gold_001,DEV,10.0,13.0,0,1.2982823832051764,0
gold_001_w00300,gold_001,DEV,12.0,15.0,0,0.8619132846663149,0
gold_001_w00350,gold_001,DEV,14.0,17.0,0,0.6262027778269825,0
gold_001_w00400,gold_001,DEV,16.0,19.0,0,0.9240006011127058,0
gold_001_w00450,gold_001,DEV,18.0,21.0,0,1.0347195027313623,0
gold_001_w00500,gold_001,DEV,20.0,23.0,0,27.73867970969024,1
gold_001_w00550,gold_001,DEV,22.0,25.0,0,22.92855113314033,1
gold_001_w00600,gold_001,DEV,24.0,27.0,0,20.796497234931422,1
gold_001_w00650,gold_001,DEV,26.0,29.0,0,2.787753006350458,0
gold_001_w00700,gold_001,DEV,28.0,31.0,0,52.808955873920794,1
gold_001_w00750,gold_001,DEV,30.0,33.0,0,51.87691218425081,1
gold_001_w00800,gold_001,DEV,32.0,35.0,1,1.7477034551280406,0
gold_001_w00850,gold_001,DEV,34.0,37.0,1,3.4100782562802827,0
gold_001_w00900,gold_001,DEV,36.0,39.0,0,4.7690217478292105,1
gold_001_w00950,gold_001,DEV,38.0,41.0,0,4.7690217478292105,1
gold_001_w01000,gold_001,DEV,40.0,43.0,0,5.415512983059845,1
gold_001_w01050,gold_001,DEV,42.0,45.0,0,9.645215303469957,1
gold_001_w01100,gold_001,DEV,44.0,47.0,0,21.279787528695547,1
gold_001_w01150,gold_001,DEV,46.0,49.0,0,2.553470118062487,0
gold_001_w01200,gold_001,DEV,48.0,51.0,0,2.8590672693295716,0
gold_001_w01250,gold_001,DEV,50.0,53.0,0,9.026131631611136,1
gold_001_w01300,gold_001,DEV,52.0,55.0,0,13.913301246149597,1
gold_001_w01350,gold_001,DEV,54.0,57.0,0,18.873061004829893,1
gold_001_w01400,gold_001,DEV,56.0,59.0,0,19.13420426484316,1
gold_002_w00000,gold_002,DEV,0.0,3.0,0,3.6042239282514767,0
gold_002_w00050,gold_002,DEV,2.0,5.0,0,7.813153341099955,1
gold_002_w00100,gold_002,DEV,4.0,7.0,0,3.698791973518614,0
gold_002_w00150,gold_002,DEV,6.0,9.0,0,4.628891655337296,1
gold_002_w00200,gold_002,DEV,8.0,11.0,0,22.816409729021775,1
gold_002_w00250,gold_002,DEV,10.0,13.0,1,2.187498826247001,0
gold_002_w00300,gold_002,DEV,12.0,15.0,1,12.391913797055125,1
gold_002_w00350,gold_002,DEV,14.0,17.0,0,5.015190903540272,1
gold_002_w00400,gold_002,DEV,16.0,19.0,0,2.0674862638636964,0
gold_002_w00450,gold_002,DEV,18.0,21.0,0,2.24742075446603,0
gold_002_w00500,gold_002,DEV,20.0,23.0,1,17.43599009124832,1
gold_002_w00550,gold_002,DEV,22.0,25.0,1,8.269618712383018,1
gold_002_w00600,gold_002,DEV,24.0,27.0,0,22.830537178021835,1
gold_002_w00650,gold_002,DEV,26.0,29.0,0,2.8463430476911222,0
gold_002_w00700,gold_002,DEV,28.0,31.0,0,3.7422441863096783,0
gold_002_w00750,gold_002,DEV,30.0,33.0,0,2.3873134408519663,0
gold_002_w00800,gold_002,DEV,32.0,35.0,0,1.2622170676162514,0
gold_002_w00850,gold_002,DEV,34.0,37.0,0,1.8819581045137475,0
gold_002_w00900,gold_002,DEV,36.0,39.0,0,1.4352579058467132,0
gold_002_w00950,gold_002,DEV,38.0,41.0,0,1.2496891332950941,0
gold_002_w01000,gold_002,DEV,40.0,43.0,0,1.687282429708472,0
gold_002_w01050,gold_002,DEV,42.0,45.0,0,4.097472645463933,1
gold_002_w01100,gold_002,DEV,44.0,47.0,0,5.30952215833821,1
gold_002_w01150,gold_002,DEV,46.0,49.0,0,1.9955245303663118,0
gold_002_w01200,gold_002,DEV,48.0,51.0,0,1.6763616903122815,0
gold_002_w01250,gold_002,DEV,50.0,53.0,0,2.9030623636045725,0
gold_002_w01300,gold_002,DEV,52.0,55.0,1,22.265034431066333,1
gold_002_w01350,gold_002,DEV,54.0,57.0,1,16.59187307141049,1
gold_002_w01400,gold_002,DEV,56.0,59.0,0,1.9255976443524183,0
gold_003_w00000,gold_003,DEV,0.0,3.0,0,23.600831533089732,1
gold_003_w00050,gold_003,DEV,2.0,5.0,0,17.03735260085353,1
gold_003_w00100,gold_003,DEV,4.0,7.0,0,4.735331048498635,1
gold_003_w00150,gold_003,DEV,6.0,9.0,0,2.34398367021468,0
gold_003_w00200,gold_003,DEV,8.0,11.0,0,3.2678509603291506,0
gold_003_w00250,gold_003,DEV,10.0,13.0,0,1.6023141065121873,0
gold_003_w00300,gold_003,DEV,12.0,15.0,0,1.0052891800175772,0
gold_003_w00350,gold_003,DEV,14.0,17.0,0,1.1984104787831011,0
gold_003_w00400,gold_003,DEV,16.0,19.0,0,1.2496969338619373,0
gold_003_w00450,gold_003,DEV,18.0,21.0,0,1.176044500568775,0
gold_003_w00500,gold_003,DEV,20.0,23.0,0,1.4950523309774368,0
gold_003_w00550,gold_003,DEV,22.0,25.0,0,1.9005635890649515,0
gold_003_w00600,gold_003,DEV,24.0,27.0,0,2.242211621958065,0
gold_003_w00650,gold_003,DEV,26.0,29.0,0,0.8625248328789148,0
gold_003_w00700,gold_003,DEV,28.0,31.0,0,1.6489985072529443,0
gold_003_w00750,gold_003,DEV,30.0,33.0,0,8.804313721356717,1
gold_003_w00800,gold_003,DEV,32.0,35.0,0,9.694566512719208,1
gold_003_w00850,gold_003,DEV,34.0,37.0,0,4.333564344819621,1
gold_003_w00900,gold_003,DEV,36.0,39.0,0,1.1258771024939644,0
gold_003_w00950,gold_003,DEV,38.0,41.0,0,1.137658483776459,0
gold_003_w01000,gold_003,DEV,40.0,43.0,0,1.0902781230864296,0
gold_003_w01050,gold_003,DEV,42.0,45.0,0,1.041024986124821,0
gold_003_w01100,gold_003,DEV,44.0,47.0,0,8.698355879261248,1
gold_003_w01150,gold_003,DEV,46.0,49.0,0,6.379447674695728,1
gold_003_w01200,gold_003,DEV,48.0,51.0,0,2.288898233711558,0
gold_003_w01250,gold_003,DEV,50.0,53.0,0,1.3298056942599672,0
gold_003_w01300,gold_003,DEV,52.0,55.0,0,1.1515532651425548,0
gold_003_w01350,gold_003,DEV,54.0,57.0,0,1.0852810888579825,0
gold_003_w01400,gold_003,DEV,56.0,59.0,0,1.1090154092072915,0
gold_004_w00000,gold_004,DEV,0.0,3.0,0,1.1397441706179627,0
gold_004_w00050,gold_004,DEV,2.0,5.0,0,2.225337417253532,0
gold_004_w00100,gold_004,DEV,4.0,7.0,0,7.696113543493786,1
gold_004_w00150,gold_004,DEV,6.0,9.0,0,6.186239982262654,1
gold_004_w00200,gold_004,DEV,8.0,11.0,0,9.83978343176678,1
gold_004_w00250,gold_004,DEV,10.0,13.0,0,9.454439827890123,1
gold_004_w00300,gold_004,DEV,12.0,15.0,0,54.21310700847846,1
gold_004_w00350,gold_004,DEV,14.0,17.0,0,13.026277672594974,1
gold_004_w00400,gold_004,DEV,16.0,19.0,0,4.513778307568511,1
gold_004_w00450,gold_004,DEV,18.0,21.0,0,4.440867812386211,1
gold_004_w00500,gold_004,DEV,20.0,23.0,0,2.372104742136597,0
gold_004_w00550,gold_004,DEV,22.0,25.0,0,5.197119364944803,1
gold_004_w00600,gold_004,DEV,24.0,27.0,0,5.000695592847543,1
gold_004_w00650,gold_004,DEV,26.0,29.0,1,22.82470710141404,1
gold_004_w00700,gold_004,DEV,28.0,31.0,0,17.71452342685847,1
gold_004_w00750,gold_004,DEV,30.0,33.0,0,12.72769776591058,1
gold_004_w00800,gold_004,DEV,32.0,35.0,0,9.601580564236613,1
gold_004_w00850,gold_004,DEV,34.0,37.0,1,4.642837665297781,1
gold_004_w00900,gold_004,DEV,36.0,39.0,0,4.98443102264182,1
gold_004_w00950,gold_004,DEV,38.0,41.0,0,5.011609847798507,1
gold_004_w01000,gold_004,DEV,40.0,43.0,0,2.8239979966259305,0
gold_004_w01050,gold_004,DEV,42.0,45.0,0,5.038612825192509,1
gold_004_w01100,gold_004,DEV,44.0,47.0,0,3.682364781697602,0
gold_004_w01150,gold_004,DEV,46.0,49.0,0,12.41921735671293,1
gold_004_w01200,gold_004,DEV,48.0,51.0,0,12.573712638763872,1
gold_004_w01250,gold_004,DEV,50.0,53.0,0,1.8644757548690176,0
gold_004_w01300,gold_004,DEV,52.0,55.0,0,19.0077310464877,1
gold_004_w01350,gold_004,DEV,54.0,57.0,1,2.702616029408158,0
gold_004_w01400,gold_004,DEV,56.0,59.0,1,2.6369287952398723,0
gold_005_w00000,gold_005,DEV,0.0,3.0,0,3.3628944717087217,0
gold_005_w00050,gold_005,DEV,2.0,5.0,0,2.858904363947879,0
gold_005_w00100,gold_005,DEV,4.0,7.0,0,5.362942658937911,1
gold_005_w00150,gold_005,DEV,6.0,9.0,0,3.7345553856073943,0
gold_005_w00200,gold_005,DEV,8.0,11.0,0,1.9207042325071022,0
gold_005_w00250,gold_005,DEV,10.0,13.0,0,0.7722165710164379,0
gold_005_w00300,gold_005,DEV,12.0,15.0,0,0.6931374067471037,0
gold_005_w00350,gold_005,DEV,14.0,17.0,0,0.9684182213736605,0
gold_005_w00400,gold_005,DEV,16.0,19.0,0,1.9996520593727407,0
gold_005_w00450,gold_005,DEV,18.0,21.0,0,1.2224761633884142,0
gold_005_w00500,gold_005,DEV,20.0,23.0,0,1.4610851803581468,0
gold_005_w00550,gold_005,DEV,22.0,25.0,0,1.6060852771038814,0
gold_005_w00600,gold_005,DEV,24.0,27.0,0,2.123711465955621,0
gold_005_w00650,gold_005,DEV,26.0,29.0,0,1.3386818185553135,0
gold_005_w00700,gold_005,DEV,28.0,31.0,0,0.6335340290914324,0
gold_005_w00750,gold_005,DEV,30.0,33.0,0,0.8006013612369287,0
gold_005_w00800,gold_005,DEV,32.0,35.0,0,0.9295884912664238,0
gold_005_w00850,gold_005,DEV,34.0,37.0,0,0.9988975791664423,0
gold_005_w00900,gold_005,DEV,36.0,39.0,0,1.0937374577377827,0
gold_005_w00950,gold_005,DEV,38.0,41.0,0,0.7764917342535025,0
gold_005_w01000,gold_005,DEV,40.0,43.0,0,0.6695243017378942,0
gold_005_w01050,gold_005,DEV,42.0,45.0,0,1.6208066606854725,0
gold_005_w01100,gold_005,DEV,44.0,47.0,0,0.7010641498165562,0
gold_005_w01150,gold_005,DEV,46.0,49.0,0,0.7974010725399303,0
gold_005_w01200,gold_005,DEV,48.0,51.0,0,0.8524664632090335,0
gold_005_w01250,gold_005,DEV,50.0,53.0,0,1.3229724021502633,0
gold_005_w01300,gold_005,DEV,52.0,55.0,0,3.741633697545346,0
gold_005_w01350,gold_005,DEV,54.0,57.0,0,3.915180999915929,0
gold_005_w01400,gold_005,DEV,56.0,59.0,0,0.617651954953212,0
gold_006_w00000,gold_006,DEV,0.0,3.0,0,1.0676755038174743,0
gold_006_w00050,gold_006,DEV,2.0,5.0,0,1.2247832549479778,0
gold_006_w00100,gold_006,DEV,4.0,7.0,0,1.581307793552785,0
gold_006_w00150,gold_006,DEV,6.0,9.0,0,0.8457762578150607,0
gold_006_w00200,gold_006,DEV,8.0,11.0,0,2.0165358856841458,0
gold_006_w00250,gold_006,DEV,10.0,13.0,0,0.7341718540325051,0
gold_006_w00300,gold_006,DEV,12.0,15.0,0,15.043199323551962,1
gold_006_w00350,gold_006,DEV,14.0,17.0,0,1.450390991353217,0
gold_006_w00400,gold_006,DEV,16.0,19.0,0,1.98130646996837,0
gold_006_w00450,gold_006,DEV,18.0,21.0,0,9.646029533706406,1
gold_006_w00500,gold_006,DEV,20.0,23.0,0,4.567162702689373,1
gold_006_w00550,gold_006,DEV,22.0,25.0,1,5.399979924822205,1
gold_006_w00600,gold_006,DEV,24.0,27.0,0,2.42964088555539,0
gold_006_w00650,gold_006,DEV,26.0,29.0,0,2.697119626131933,0
gold_006_w00700,gold_006,DEV,28.0,31.0,0,2.647817409399794,0
gold_006_w00750,gold_006,DEV,30.0,33.0,0,1.1819465410459316,0
gold_006_w00800,gold_006,DEV,32.0,35.0,0,2.1254195878000033,0
gold_006_w00850,gold_006,DEV,34.0,37.0,0,1.667358805249627,0
gold_006_w00900,gold_006,DEV,36.0,39.0,0,1.6450115083814545,0
gold_006_w00950,gold_006,DEV,38.0,41.0,0,1.6436655271303486,0
gold_006_w01000,gold_006,DEV,40.0,43.0,0,1.5417421225345542,0
gold_006_w01050,gold_006,DEV,42.0,45.0,0,1.1593555348180722,0
gold_006_w01100,gold_006,DEV,44.0,47.0,0,1.267216360096615,0
gold_006_w01150,gold_006,DEV,46.0,49.0,0,2.521457265307024,0
gold_006_w01200,gold_006,DEV,48.0,51.0,0,1.2125040378881842,0
gold_006_w01250,gold_006,DEV,50.0,53.0,0,1.3436299259568187,0
gold_006_w01300,gold_006,DEV,52.0,55.0,0,1.467145172866081,0
gold_006_w01350,gold_006,DEV,54.0,57.0,1,3.613077170365349,0
gold_006_w01400,gold_006,DEV,56.0,59.0,1,9.010791480680195,1
gold_007_w00000,gold_007,DEV,0.0,3.0,0,19.33845453176193,1
gold_007_w00050,gold_007,DEV,2.0,5.0,1,4.721585430048576,1
gold_007_w00100,gold_007,DEV,4.0,7.0,0,3.366152077565948,0
gold_007_w00150,gold_007,DEV,6.0,9.0,0,4.362479734542795,1
gold_007_w00200,gold_007,DEV,8.0,11.0,0,1.7977957195126972,0
gold_007_w00250,gold_007,DEV,10.0,13.0,0,2.75691149423729,0
gold_007_w00300,gold_007,DEV,12.0,15.0,0,4.887567270056755,1
gold_007_w00350,gold_007,DEV,14.0,17.0,0,3.032422832355546,0
gold_007_w00400,gold_007,DEV,16.0,19.0,0,2.5973855354291366,0
gold_007_w00450,gold_007,DEV,18.0,21.0,0,3.392429645244899,0
gold_007_w00500,gold_007,DEV,20.0,23.0,0,2.596920364664438,0
gold_007_w00550,gold_007,DEV,22.0,25.0,0,4.040794007983809,0
gold_007_w00600,gold_007,DEV,24.0,27.0,0,5.024726556453356,1
gold_007_w00650,gold_007,DEV,26.0,29.0,0,3.950884874606201,0
gold_007_w00700,gold_007,DEV,28.0,31.0,0,2.6914361584714612,0
gold_007_w00750,gold_007,DEV,30.0,33.0,1,17.81727157661692,1
gold_007_w00800,gold_007,DEV,32.0,35.0,1,62.9581001655207,1
gold_007_w00850,gold_007,DEV,34.0,37.0,0,65.67397672479822,1
gold_007_w00900,gold_007,DEV,36.0,39.0,0,31.73347462807511,1
gold_007_w00950,gold_007,DEV,38.0,41.0,0,2.845997679205773,0
gold_007_w01000,gold_007,DEV,40.0,43.0,0,13.658110420742833,1
gold_007_w01050,gold_007,DEV,42.0,45.0,0,3.187587371239305,0
gold_007_w01100,gold_007,DEV,44.0,47.0,0,9.486828844030448,1
gold_007_w01150,gold_007,DEV,46.0,49.0,0,13.219541116194332,1
gold_007_w01200,gold_007,DEV,48.0,51.0,0,1.4978941635095708,0
gold_007_w01250,gold_007,DEV,50.0,53.0,0,6.056530244200321,1
gold_007_w01300,gold_007,DEV,52.0,55.0,0,3.1325101652345566,0
gold_007_w01350,gold_007,DEV,54.0,57.0,0,1.7654077400972277,0
gold_007_w01400,gold_007,DEV,56.0,59.0,0,1.8036356794806387,0
gold_008_w00000,gold_008,DEV,0.0,3.0,0,1.199040866595169e-14,0
gold_008_w00050,gold_008,DEV,2.0,5.0,0,1.199040866595169e-14,0
gold_008_w00100,gold_008,DEV,4.0,7.0,0,4.558097876677854,1
gold_008_w00150,gold_008,DEV,6.0,9.0,0,3.8371060001023554,0
gold_008_w00200,gold_008,DEV,8.0,11.0,0,1.4658933888504397,0
gold_008_w00250,gold_008,DEV,10.0,13.0,0,2.76351696127779,0
gold_008_w00300,gold_008,DEV,12.0,15.0,0,1.0404401053359766,0
gold_008_w00350,gold_008,DEV,14.0,17.0,0,1.9309771383281138,0
gold_008_w00400,gold_008,DEV,16.0,19.0,0,1.9812499281965552,0
gold_008_w00450,gold_008,DEV,18.0,21.0,0,1.9093840150010672,0
gold_008_w00500,gold_008,DEV,20.0,23.0,0,0.7865238067431344,0
gold_008_w00550,gold_008,DEV,22.0,25.0,0,1.0171882656070759,0
gold_008_w00600,gold_008,DEV,24.0,27.0,0,18.598318256142562,1
gold_008_w00650,gold_008,DEV,26.0,29.0,0,3.014422909085299,0
gold_008_w00700,gold_008,DEV,28.0,31.0,0,19.359432289928325,1
gold_008_w00750,gold_008,DEV,30.0,33.0,0,8.295439570673302,1
gold_008_w00800,gold_008,DEV,32.0,35.0,0,5.867104522015543,1
gold_008_w00850,gold_008,DEV,34.0,37.0,1,8.849267557332869,1
gold_008_w00900,gold_008,DEV,36.0,39.0,1,5.621023766088614,1
gold_008_w00950,gold_008,DEV,38.0,41.0,0,3.5181785067756017,0
gold_008_w01000,gold_008,DEV,40.0,43.0,0,4.076592625437929,0
gold_008_w01050,gold_008,DEV,42.0,45.0,0,3.318086470201587,0
gold_008_w01100,gold_008,DEV,44.0,47.0,0,17.263077927524968,1
gold_008_w01150,gold_008,DEV,46.0,49.0,0,2.73198015928825,0
gold_008_w01200,gold_008,DEV,48.0,51.0,0,12.21693441295406,1
gold_008_w01250,gold_008,DEV,50.0,53.0,0,8.5897087267229,1
gold_008_w01300,gold_008,DEV,52.0,55.0,0,7.6377562726294475,1
gold_008_w01350,gold_008,DEV,54.0,57.0,0,8.243783780744884,1
gold_008_w01400,gold_008,DEV,56.0,59.0,0,2.5373874397544913,0
gold_009_w00000,gold_009,DEV,0.0,3.0,0,12.697494166019673,1
gold_009_w00050,gold_009,DEV,2.0,5.0,0,22.97161108762519,1
gold_009_w00100,gold_009,DEV,4.0,7.0,0,12.73344155312422,1
gold_009_w00150,gold_009,DEV,6.0,9.0,0,3.3060891033608413,0
gold_009_w00200,gold_009,DEV,8.0,11.0,0,6.0538674301201,1
gold_009_w00250,gold_009,DEV,10.0,13.0,0,5.988212040254304,1
gold_009_w00300,gold_009,DEV,12.0,15.0,0,3.8209096957475825,0
gold_009_w00350,gold_009,DEV,14.0,17.0,0,0.7822055794420248,0
gold_009_w00400,gold_009,DEV,16.0,19.0,0,1.3007858916596131,0
gold_009_w00450,gold_009,DEV,18.0,21.0,0,1.3007858916596131,0
gold_009_w00500,gold_009,DEV,20.0,23.0,0,1.7785434914635658,0
gold_009_w00550,gold_009,DEV,22.0,25.0,0,0.8211380885197586,0
gold_009_w00600,gold_009,DEV,24.0,27.0,0,0.4173638476080561,0
gold_009_w00650,gold_009,DEV,26.0,29.0,0,3.3524853710806006,0
gold_009_w00700,gold_009,DEV,28.0,31.0,0,2.1457741721804675,0
gold_009_w00750,gold_009,DEV,30.0,33.0,0,1.5278571135514305,0
gold_009_w00800,gold_009,DEV,32.0,35.0,0,3.9108102912113774,0
gold_009_w00850,gold_009,DEV,34.0,37.0,0,2.1243318263745348,0
gold_009_w00900,gold_009,DEV,36.0,39.0,0,3.0443467971606224,0
gold_009_w00950,gold_009,DEV,38.0,41.0,0,2.084505368779582,0
gold_009_w01000,gold_009,DEV,40.0,43.0,0,0.8317256440649525,0
gold_009_w01050,gold_009,DEV,42.0,45.0,0,0.9437463075130994,0
gold_009_w01100,gold_009,DEV,44.0,47.0,0,2.4733908257006556,0
gold_009_w01150,gold_009,DEV,46.0,49.0,0,3.895015087883526,0
gold_009_w01200,gold_009,DEV,48.0,51.0,0,1.4947693231222554,0
gold_009_w01250,gold_009,DEV,50.0,53.0,0,6.552274652294365,1
gold_009_w01300,gold_009,DEV,52.0,55.0,0,6.382851084907035,1
gold_009_w01350,gold_009,DEV,54.0,57.0,0,3.0470940916688374,0
gold_009_w01400,gold_009,DEV,56.0,59.0,0,4.808025073893989,1
gold_010_w00000,gold_010,DEV,0.0,3.0,0,1.9351119443808802,0
gold_010_w00050,gold_010,DEV,2.0,5.0,0,2.7416136250351215,0
gold_010_w00100,gold_010,DEV,4.0,7.0,0,5.97940356914817,1
gold_010_w00150,gold_010,DEV,6.0,9.0,0,2.6982679267029743,0
gold_010_w00200,gold_010,DEV,8.0,11.0,0,1.342590298685998,0
gold_010_w00250,gold_010,DEV,10.0,13.0,0,1.7409640914632494,0
gold_010_w00300,gold_010,DEV,12.0,15.0,0,1.4325843413115154,0
gold_010_w00350,gold_010,DEV,14.0,17.0,0,1.1194899876912459,0
gold_010_w00400,gold_010,DEV,16.0,19.0,0,9.670349834682252,1
gold_010_w00450,gold_010,DEV,18.0,21.0,0,2.365464074906221,0
gold_010_w00500,gold_010,DEV,20.0,23.0,0,3.112857209496852,0
gold_010_w00550,gold_010,DEV,22.0,25.0,0,1.7723052184898602,0
gold_010_w00600,gold_010,DEV,24.0,27.0,0,1.1169393268220684,0
gold_010_w00650,gold_010,DEV,26.0,29.0,0,3.8482135203612824,0
gold_010_w00700,gold_010,DEV,28.0,31.0,0,3.035850935048998,0
gold_010_w00750,gold_010,DEV,30.0,33.0,0,0.9168750078250234,0
gold_010_w00800,gold_010,DEV,32.0,35.0,0,1.1233914099650812,0
gold_010_w00850,gold_010,DEV,34.0,37.0,0,1.4650668920059058,0
gold_010_w00900,gold_010,DEV,36.0,39.0,0,3.0523367750616988,0
gold_010_w00950,gold_010,DEV,38.0,41.0,0,4.7512702986355,1
gold_010_w01000,gold_010,DEV,40.0,43.0,0,1.694595670366624,0
gold_010_w01050,gold_010,DEV,42.0,45.0,0,4.5659947184138225,1
gold_010_w01100,gold_010,DEV,44.0,47.0,0,2.1294752334381357,0
gold_010_w01150,gold_010,DEV,46.0,49.0,0,5.035221489993022,1
gold_010_w01200,gold_010,DEV,48.0,51.0,0,1.306000296052522,0
gold_010_w01250,gold_010,DEV,50.0,53.0,1,8.758985230416988,1
gold_010_w01300,gold_010,DEV,52.0,55.0,1,4.0965676363253785,1
gold_010_w01350,gold_010,DEV,54.0,57.0,1,7.94231560624843,1
gold_010_w01400,gold_010,DEV,56.0,59.0,0,5.59518014689983,1
gold_011_w00000,gold_011,DEV,0.0,3.0,0,2.758654042001657,0
gold_011_w00050,gold_011,DEV,2.0,5.0,0,7.72004971493099,1
gold_011_w00100,gold_011,DEV,4.0,7.0,0,6.860839404738885,1
gold_011_w00150,gold_011,DEV,6.0,9.0,0,1.8869717445684695,0
gold_011_w00200,gold_011,DEV,8.0,11.0,0,7.665777007460896,1
gold_011_w00250,gold_011,DEV,10.0,13.0,0,2.2388235216652106,0
gold_011_w00300,gold_011,DEV,12.0,15.0,0,1.098481542858492,0
gold_011_w00350,gold_011,DEV,14.0,17.0,0,1.176011342268727,0
gold_011_w00400,gold_011,DEV,16.0,19.0,0,1.2941291904671806,0
gold_011_w00450,gold_011,DEV,18.0,21.0,0,1.0512798271534907,0
gold_011_w00500,gold_011,DEV,20.0,23.0,0,1.3934123125943465,0
gold_011_w00550,gold_011,DEV,22.0,25.0,1,2.3395289076514074,0
gold_011_w00600,gold_011,DEV,24.0,27.0,1,5.523120350067655,1
gold_011_w00650,gold_011,DEV,26.0,29.0,1,13.683948949222563,1
gold_011_w00700,gold_011,DEV,28.0,31.0,1,8.800900752727825,1
gold_011_w00750,gold_011,DEV,30.0,33.0,0,7.106639152918127,1
gold_011_w00800,gold_011,DEV,32.0,35.0,0,7.420782609419412,1
gold_011_w00850,gold_011,DEV,34.0,37.0,0,20.75805326552942,1
gold_011_w00900,gold_011,DEV,36.0,39.0,0,3.748060467359914,0
gold_011_w00950,gold_011,DEV,38.0,41.0,0,2.7097066942628394,0
gold_011_w01000,gold_011,DEV,40.0,43.0,0,2.0608159367576966,0
gold_011_w01050,gold_011,DEV,42.0,45.0,0,0.5979750828865269,0
gold_011_w01100,gold_011,DEV,44.0,47.0,0,0.6354696417188332,0
gold_011_w01150,gold_011,DEV,46.0,49.0,0,0.8605485518217675,0
gold_011_w01200,gold_011,DEV,48.0,51.0,0,0.9036677701767912,0
gold_011_w01250,gold_011,DEV,50.0,53.0,0,0.7815897876010376,0
gold_011_w01300,gold_011,DEV,52.0,55.0,0,0.5195705929558327,0
gold_011_w01350,gold_011,DEV,54.0,57.0,0,1.0173663003739257,0
gold_011_w01400,gold_011,DEV,56.0,59.0,0,1.0877678722212676,0
gold_012_w00000,gold_012,DEV,0.0,3.0,0,0.8963513352098467,0
gold_012_w00050,gold_012,DEV,2.0,5.0,0,0.8854712817496662,0
gold_012_w00100,gold_012,DEV,4.0,7.0,0,0.9684792080681257,0
gold_012_w00150,gold_012,DEV,6.0,9.0,0,1.5732266541683364,0
gold_012_w00200,gold_012,DEV,8.0,11.0,0,1.5832262363744913,0
gold_012_w00250,gold_012,DEV,10.0,13.0,0,4.414354559424888,1
gold_012_w00300,gold_012,DEV,12.0,15.0,1,4.177603607911319,1
gold_012_w00350,gold_012,DEV,14.0,17.0,0,1.6788079777519798,0
gold_012_w00400,gold_012,DEV,16.0,19.0,0,1.4107231237949502,0
gold_012_w00450,gold_012,DEV,18.0,21.0,0,1.0707142574247817,0
gold_012_w00500,gold_012,DEV,20.0,23.0,0,1.1141678992407051,0
gold_012_w00550,gold_012,DEV,22.0,25.0,0,1.3048048941961294,0
gold_012_w00600,gold_012,DEV,24.0,27.0,0,2.0984705789383815,0
gold_012_w00650,gold_012,DEV,26.0,29.0,0,1.3478137062979787,0
gold_012_w00700,gold_012,DEV,28.0,31.0,0,4.467825797887962,1
gold_012_w00750,gold_012,DEV,30.0,33.0,0,1.8522645557955006,0
gold_012_w00800,gold_012,DEV,32.0,35.0,0,1.995955297719076,0
gold_012_w00850,gold_012,DEV,34.0,37.0,0,3.2945861405148196,0
gold_012_w00900,gold_012,DEV,36.0,39.0,0,1.2552061381039952,0
gold_012_w00950,gold_012,DEV,38.0,41.0,0,1.6136565097284246,0
gold_012_w01000,gold_012,DEV,40.0,43.0,0,7.457208294412773,1
gold_012_w01050,gold_012,DEV,42.0,45.0,0,9.914362740857092,1
gold_012_w01100,gold_012,DEV,44.0,47.0,0,6.4390228578260915,1
gold_012_w01150,gold_012,DEV,46.0,49.0,0,7.1797012360224,1
gold_012_w01200,gold_012,DEV,48.0,51.0,0,1.8531799205255446,0
gold_012_w01250,gold_012,DEV,50.0,53.0,0,1.5650653083285597,0
gold_012_w01300,gold_012,DEV,52.0,55.0,0,7.61000685980828,1
gold_012_w01350,gold_012,DEV,54.0,57.0,0,2.3162858964124267,0
gold_012_w01400,gold_012,DEV,56.0,59.0,0,4.819727008819316,1
gold_013_w00000,gold_013,DEV,0.0,3.0,0,32.58986881562889,1
gold_013_w00050,gold_013,DEV,2.0,5.0,0,32.33018005572287,1
gold_013_w00100,gold_013,DEV,4.0,7.0,0,1.1798958411583556,0
gold_013_w00150,gold_013,DEV,6.0,9.0,0,2.7068267991214974,0
gold_013_w00200,gold_013,DEV,8.0,11.0,0,1.645690112347463,0
gold_013_w00250,gold_013,DEV,10.0,13.0,0,1.6314783251924716,0
gold_013_w00300,gold_013,DEV,12.0,15.0,0,18.076973104810435,1
gold_013_w00350,gold_013,DEV,14.0,17.0,0,3.189783459776775,0
gold_013_w00400,gold_013,DEV,16.0,19.0,0,3.658152889260613,0
gold_013_w00450,gold_013,DEV,18.0,21.0,0,3.72163697822943,0
gold_013_w00500,gold_013,DEV,20.0,23.0,0,0.7611192901095611,0
gold_013_w00550,gold_013,DEV,22.0,25.0,0,1.663173568276541,0
gold_013_w00600,gold_013,DEV,24.0,27.0,0,9.58781943176735,1
gold_013_w00650,gold_013,DEV,26.0,29.0,0,3.672497491458646,0
gold_013_w00700,gold_013,DEV,28.0,31.0,1,2.8530125651326266,0
gold_013_w00750,gold_013,DEV,30.0,33.0,1,3.0641115495375058,0
gold_013_w00800,gold_013,DEV,32.0,35.0,0,6.091579472824151,1
gold_013_w00850,gold_013,DEV,34.0,37.0,0,4.198447969965736,1
gold_013_w00900,gold_013,DEV,36.0,39.0,0,3.0930686848425175,0
gold_013_w00950,gold_013,DEV,38.0,41.0,0,1.1320482867581063,0
gold_013_w01000,gold_013,DEV,40.0,43.0,0,4.018609535999802,0
gold_013_w01050,gold_013,DEV,42.0,45.0,0,23.118859002084506,1
gold_013_w01100,gold_013,DEV,44.0,47.0,0,11.32891809134498,1
gold_013_w01150,gold_013,DEV,46.0,49.0,0,4.086161408946799,0
gold_013_w01200,gold_013,DEV,48.0,51.0,1,20.129943463630113,1
gold_013_w01250,gold_013,DEV,50.0,53.0,1,9.291109460772919,1
gold_013_w01300,gold_013,DEV,52.0,55.0,0,6.070816305689618,1
gold_013_w01350,gold_013,DEV,54.0,57.0,0,3.2154069291406104,0
gold_013_w01400,gold_013,DEV,56.0,59.0,0,3.525325874070754,0
gold_014_w00000,gold_014,DEV,0.0,3.0,0,12.000454969669452,1
gold_014_w00050,gold_014,DEV,2.0,5.0,0,11.165112822205906,1
gold_014_w00100,gold_014,DEV,4.0,7.0,0,10.222266617354752,1
gold_014_w00150,gold_014,DEV,6.0,9.0,0,6.436083120065987,1
gold_014_w00200,gold_014,DEV,8.0,11.0,0,3.6703498413512854,0
gold_014_w00250,gold_014,DEV,10.0,13.0,0,2.8308720266346725,0
gold_014_w00300,gold_014,DEV,12.0,15.0,0,2.8308720266346725,0
gold_014_w00350,gold_014,DEV,14.0,17.0,0,3.2340039873456767,0
gold_014_w00400,gold_014,DEV,16.0,19.0,0,1.9064587946538403,0
gold_014_w00450,gold_014,DEV,18.0,21.0,0,1.9213599758548412,0
gold_014_w00500,gold_014,DEV,20.0,23.0,0,3.9031418842591457,0
gold_014_w00550,gold_014,DEV,22.0,25.0,0,2.728324525561927,0
gold_014_w00600,gold_014,DEV,24.0,27.0,0,2.016146675412198,0
gold_014_w00650,gold_014,DEV,26.0,29.0,0,1.3758501128439065,0
gold_014_w00700,gold_014,DEV,28.0,31.0,0,8.164618136443762,1
gold_014_w00750,gold_014,DEV,30.0,33.0,0,2.221039400789852,0
gold_014_w00800,gold_014,DEV,32.0,35.0,0,15.611463626503713,1
gold_014_w00850,gold_014,DEV,34.0,37.0,0,55.19614250454329,1
gold_014_w00900,gold_014,DEV,36.0,39.0,1,51.086163917899555,1
gold_014_w00950,gold_014,DEV,38.0,41.0,0,35.05132360864085,1
gold_014_w01000,gold_014,DEV,40.0,43.0,0,7.726273143208132,1
gold_014_w01050,gold_014,DEV,42.0,45.0,0,27.142761246585703,1
gold_014_w01100,gold_014,DEV,44.0,47.0,0,6.792881120334992,1
gold_014_w01150,gold_014,DEV,46.0,49.0,0,3.735577456045273,0
gold_014_w01200,gold_014,DEV,48.0,51.0,1,8.519420381331525,1
gold_014_w01250,gold_014,DEV,50.0,53.0,1,13.258847079424353,1
gold_014_w01300,gold_014,DEV,52.0,55.0,0,8.142931967556917,1
gold_014_w01350,gold_014,DEV,54.0,57.0,0,15.44243853714643,1
gold_014_w01400,gold_014,DEV,56.0,59.0,0,15.571627765824513,1
gold_015_w00000,gold_015,DEV,0.0,3.0,1,7.802151287407813,1
gold_015_w00050,gold_015,DEV,2.0,5.0,1,14.782284818884975,1
gold_015_w00100,gold_015,DEV,4.0,7.0,0,24.252843571153903,1
gold_015_w00150,gold_015,DEV,6.0,9.0,0,18.935655240856995,1
gold_015_w00200,gold_015,DEV,8.0,11.0,0,1.00795833881085,0
gold_015_w00250,gold_015,DEV,10.0,13.0,0,5.22305519041761,1
gold_015_w00300,gold_015,DEV,12.0,15.0,0,3.416351498853608,0
gold_015_w00350,gold_015,DEV,14.0,17.0,0,10.252006715355503,1
gold_015_w00400,gold_015,DEV,16.0,19.0,0,11.240793640380172,1
gold_015_w00450,gold_015,DEV,18.0,21.0,0,26.830651967953493,1
gold_015_w00500,gold_015,DEV,20.0,23.0,0,11.488695829464177,1
gold_015_w00550,gold_015,DEV,22.0,25.0,0,10.972151505207297,1
gold_015_w00600,gold_015,DEV,24.0,27.0,0,4.247716010033679,1
gold_015_w00650,gold_015,DEV,26.0,29.0,0,4.7488968666894875,1
gold_015_w00700,gold_015,DEV,28.0,31.0,0,2.594676389005084,0
gold_015_w00750,gold_015,DEV,30.0,33.0,0,25.780016198302835,1
gold_015_w00800,gold_015,DEV,32.0,35.0,0,22.34309517586988,1
gold_015_w00850,gold_015,DEV,34.0,37.0,0,16.498605085697537,1
gold_015_w00900,gold_015,DEV,36.0,39.0,0,7.763862085231278,1
gold_015_w00950,gold_015,DEV,38.0,41.0,0,4.268880764532163,1
gold_015_w01000,gold_015,DEV,40.0,43.0,0,15.78233242493414,1
gold_015_w01050,gold_015,DEV,42.0,45.0,0,2.2956942956208692,0
gold_015_w01100,gold_015,DEV,44.0,47.0,0,4.438727147651454,1
gold_015_w01150,gold_015,DEV,46.0,49.0,0,6.628476238473052,1
gold_015_w01200,gold_015,DEV,48.0,51.0,0,9.347148238362161,1
gold_015_w01250,gold_015,DEV,50.0,53.0,0,7.599879015853656,1
gold_015_w01300,gold_015,DEV,52.0,55.0,0,1.2781868514481136,0
gold_015_w01350,gold_015,DEV,54.0,57.0,1,4.811912014212101,1
gold_015_w01400,gold_015,DEV,56.0,59.0,1,11.94666096755678,1
gold_016_w00000,gold_016,TEST,0.0,3.0,0,3.3949645338080785,0
gold_016_w00050,gold_016,TEST,2.0,5.0,0,43.46164716573871,1
gold_016_w00100,gold_016,TEST,4.0,7.0,0,37.30404843039179,1
gold_016_w00150,gold_016,TEST,6.0,9.0,0,2.5381186189629554,0
gold_016_w00200,gold_016,TEST,8.0,11.0,0,3.045426899569839,0
gold_016_w00250,gold_016,TEST,10.0,13.0,0,1.8306767723777124,0
gold_016_w00300,gold_016,TEST,12.0,15.0,0,3.128475124741499,0
gold_016_w00350,gold_016,TEST,14.0,17.0,0,2.035885890880671,0
gold_016_w00400,gold_016,TEST,16.0,19.0,0,6.233863603374093,1
gold_016_w00450,gold_016,TEST,18.0,21.0,0,6.399839555744817,1
gold_016_w00500,gold_016,TEST,20.0,23.0,0,1.2934354675399904,0
gold_016_w00550,gold_016,TEST,22.0,25.0,0,1.3653950157699093,0
gold_016_w00600,gold_016,TEST,24.0,27.0,0,7.098858212535494,1
gold_016_w00650,gold_016,TEST,26.0,29.0,1,5.158706342145848,1
gold_016_w00700,gold_016,TEST,28.0,31.0,0,2.6372300633739565,0
gold_016_w00750,gold_016,TEST,30.0,33.0,0,1.5000434742107434,0
gold_016_w00800,gold_016,TEST,32.0,35.0,0,1.9018407662709613,0
gold_016_w00850,gold_016,TEST,34.0,37.0,1,43.542972982346726,1
gold_016_w00900,gold_016,TEST,36.0,39.0,0,29.487513110910072,1
gold_016_w00950,gold_016,TEST,38.0,41.0,0,19.026457885539926,1
gold_016_w01000,gold_016,TEST,40.0,43.0,0,43.53190462694867,1
gold_016_w01050,gold_016,TEST,42.0,45.0,0,32.77828947036148,1
gold_016_w01100,gold_016,TEST,44.0,47.0,0,21.040352391168515,1
gold_016_w01150,gold_016,TEST,46.0,49.0,0,24.895418253256246,1
gold_016_w01200,gold_016,TEST,48.0,51.0,0,1.9255740104629615,0
gold_016_w01250,gold_016,TEST,50.0,53.0,0,1.2046625279498022,0
gold_016_w01300,gold_016,TEST,52.0,55.0,0,0.5938064112807783,0
gold_016_w01350,gold_016,TEST,54.0,57.0,0,3.040575983670347,0
gold_016_w01400,gold_016,TEST,56.0,59.0,0,3.040575983670347,0
gold_017_w00000,gold_017,TEST,0.0,3.0,0,2.0560244402407557,0
gold_017_w00050,gold_017,TEST,2.0,5.0,1,17.088583464667007,1
gold_017_w00100,gold_017,TEST,4.0,7.0,1,2.7842283982497076,0
gold_017_w00150,gold_017,TEST,6.0,9.0,0,0.8871295780012955,0
gold_017_w00200,gold_017,TEST,8.0,11.0,0,1.4504120900080792,0
gold_017_w00250,gold_017,TEST,10.0,13.0,0,1.6804194672680168,0
gold_017_w00300,gold_017,TEST,12.0,15.0,0,1.1525805168774337,0
gold_017_w00350,gold_017,TEST,14.0,17.0,0,1.0809846424556318,0
gold_017_w00400,gold_017,TEST,16.0,19.0,0,1.2659094661543726,0
gold_017_w00450,gold_017,TEST,18.0,21.0,0,12.304380072858265,1
gold_017_w00500,gold_017,TEST,20.0,23.0,0,5.535584034619648,1
gold_017_w00550,gold_017,TEST,22.0,25.0,0,29.50863767992928,1
gold_017_w00600,gold_017,TEST,24.0,27.0,0,32.49198200208055,1
gold_017_w00650,gold_017,TEST,26.0,29.0,0,9.522555993709279,1
gold_017_w00700,gold_017,TEST,28.0,31.0,0,3.6261909547107862,0
gold_017_w00750,gold_017,TEST,30.0,33.0,0,6.897755074890085,1
gold_017_w00800,gold_017,TEST,32.0,35.0,0,1.006996001396982,0
gold_017_w00850,gold_017,TEST,34.0,37.0,0,1.5821012488056097,0
gold_017_w00900,gold_017,TEST,36.0,39.0,0,1.5438421778467752,0
gold_017_w00950,gold_017,TEST,38.0,41.0,0,1.7437051265111947,0
gold_017_w01000,gold_017,TEST,40.0,43.0,0,2.1715803802152394,0
gold_017_w01050,gold_017,TEST,42.0,45.0,0,3.267604135411055,0
gold_017_w01100,gold_017,TEST,44.0,47.0,0,11.652227215555754,1
gold_017_w01150,gold_017,TEST,46.0,49.0,0,4.318284327055768,1
gold_017_w01200,gold_017,TEST,48.0,51.0,0,20.212594900375816,1
gold_017_w01250,gold_017,TEST,50.0,53.0,0,21.66535647821322,1
gold_017_w01300,gold_017,TEST,52.0,55.0,0,8.03227720060551,1
gold_017_w01350,gold_017,TEST,54.0,57.0,0,4.345655033360563,1
gold_017_w01400,gold_017,TEST,56.0,59.0,0,4.302878970032818,1
gold_018_w00000,gold_018,TEST,0.0,3.0,0,2.0790688669209216,0
gold_018_w00050,gold_018,TEST,2.0,5.0,0,1.6568564489779125,0
gold_018_w00100,gold_018,TEST,4.0,7.0,0,2.1972592306303875,0
gold_018_w00150,gold_018,TEST,6.0,9.0,0,1.5281082996816389,0
gold_018_w00200,gold_018,TEST,8.0,11.0,0,1.0615685680807359,0
gold_018_w00250,gold_018,TEST,10.0,13.0,0,1.196448172583728,0
gold_018_w00300,gold_018,TEST,12.0,15.0,0,1.4763736633154103,0
gold_018_w00350,gold_018,TEST,14.0,17.0,0,1.4850463642107063,0
gold_018_w00400,gold_018,TEST,16.0,19.0,0,2.0264365453933078,0
gold_018_w00450,gold_018,TEST,18.0,21.0,0,2.592479245854432,0
gold_018_w00500,gold_018,TEST,20.0,23.0,0,1.3270371626098711,0
gold_018_w00550,gold_018,TEST,22.0,25.0,0,2.075746919350198,0
gold_018_w00600,gold_018,TEST,24.0,27.0,0,2.68923672561324,0
gold_018_w00650,gold_018,TEST,26.0,29.0,0,2.737268061800444,0
gold_018_w00700,gold_018,TEST,28.0,31.0,0,1.8771708090822232,0
gold_018_w00750,gold_018,TEST,30.0,33.0,0,1.5497461985666479,0
gold_018_w00800,gold_018,TEST,32.0,35.0,0,11.062623949560841,1
gold_018_w00850,gold_018,TEST,34.0,37.0,0,5.4375060421603685,1
gold_018_w00900,gold_018,TEST,36.0,39.0,0,4.169309125580174,1
gold_018_w00950,gold_018,TEST,38.0,41.0,0,2.2632407029191906,0
gold_018_w01000,gold_018,TEST,40.0,43.0,0,3.580419280763839,0
gold_018_w01050,gold_018,TEST,42.0,45.0,0,1.9413351984151925,0
gold_018_w01100,gold_018,TEST,44.0,47.0,0,1.6925562253017854,0
gold_018_w01150,gold_018,TEST,46.0,49.0,0,2.2059805319581614,0
gold_018_w01200,gold_018,TEST,48.0,51.0,0,1.7697378555377932,0
gold_018_w01250,gold_018,TEST,50.0,53.0,0,2.516840791646702,0
gold_018_w01300,gold_018,TEST,52.0,55.0,0,1.8915659323994705,0
gold_018_w01350,gold_018,TEST,54.0,57.0,0,3.0496079606852975,0
gold_018_w01400,gold_018,TEST,56.0,59.0,0,1.1618099332133682,0
gold_019_w00000,gold_019,TEST,0.0,3.0,0,38.45380571005239,1
gold_019_w00050,gold_019,TEST,2.0,5.0,1,46.75613744331143,1
gold_019_w00100,gold_019,TEST,4.0,7.0,0,2.428307148682217,0
gold_019_w00150,gold_019,TEST,6.0,9.0,0,5.298507079100013,1
gold_019_w00200,gold_019,TEST,8.0,11.0,0,1.5577229097450846,0
gold_019_w00250,gold_019,TEST,10.0,13.0,0,1.1087849890435564,0
gold_019_w00300,gold_019,TEST,12.0,15.0,0,2.1079624007075566,0
gold_019_w00350,gold_019,TEST,14.0,17.0,1,1.514840497281451,0
gold_019_w00400,gold_019,TEST,16.0,19.0,0,2.388322292230079,0
gold_019_w00450,gold_019,TEST,18.0,21.0,0,1.2351542786284782,0
gold_019_w00500,gold_019,TEST,20.0,23.0,0,1.343851800842998,0
gold_019_w00550,gold_019,TEST,22.0,25.0,0,1.5371502162693318,0
gold_019_w00600,gold_019,TEST,24.0,27.0,0,2.400894454031288,0
gold_019_w00650,gold_019,TEST,26.0,29.0,0,2.0219389108511194,0
gold_019_w00700,gold_019,TEST,28.0,31.0,0,2.1724982361693534,0
gold_019_w00750,gold_019,TEST,30.0,33.0,0,2.456654415264005,0
gold_019_w00800,gold_019,TEST,32.0,35.0,0,3.1171067755817035,0
gold_019_w00850,gold_019,TEST,34.0,37.0,0,6.905250564877548,1
gold_019_w00900,gold_019,TEST,36.0,39.0,1,26.50831239762569,1
gold_019_w00950,gold_019,TEST,38.0,41.0,0,26.568779756417165,1
gold_019_w01000,gold_019,TEST,40.0,43.0,0,3.5230932458019577,0
gold_019_w01050,gold_019,TEST,42.0,45.0,1,12.933646795632995,1
gold_019_w01100,gold_019,TEST,44.0,47.0,1,3.8410836466542584,0
gold_019_w01150,gold_019,TEST,46.0,49.0,1,10.796338389317226,1
gold_019_w01200,gold_019,TEST,48.0,51.0,1,17.389967615023686,1
gold_019_w01250,gold_019,TEST,50.0,53.0,0,1.3558051791780237,0
gold_019_w01300,gold_019,TEST,52.0,55.0,0,1.6703812392441577,0
gold_019_w01350,gold_019,TEST,54.0,57.0,0,29.86824919738422,1
gold_019_w01400,gold_019,TEST,56.0,59.0,0,30.763883202559555,1
gold_020_w00000,gold_020,TEST,0.0,3.0,0,14.145542942977494,1
gold_020_w00050,gold_020,TEST,2.0,5.0,0,5.438930040639594,1
gold_020_w00100,gold_020,TEST,4.0,7.0,0,0.5622441554680864,0
gold_020_w00150,gold_020,TEST,6.0,9.0,0,1.0949499983392634,0
gold_020_w00200,gold_020,TEST,8.0,11.0,0,2.4712349800588442,0
gold_020_w00250,gold_020,TEST,10.0,13.0,0,2.1278303188017884,0
gold_020_w00300,gold_020,TEST,12.0,15.0,0,2.9073426947171397,0
gold_020_w00350,gold_020,TEST,14.0,17.0,0,6.738757729252477,1
gold_020_w00400,gold_020,TEST,16.0,19.0,0,4.711576949744249,1
gold_020_w00450,gold_020,TEST,18.0,21.0,0,8.466483895456344,1
gold_020_w00500,gold_020,TEST,20.0,23.0,0,5.819672546742419,1
gold_020_w00550,gold_020,TEST,22.0,25.0,0,5.594307063620704,1
gold_020_w00600,gold_020,TEST,24.0,27.0,0,20.656802855449463,1
gold_020_w00650,gold_020,TEST,26.0,29.0,0,11.669524375097492,1
gold_020_w00700,gold_020,TEST,28.0,31.0,0,6.2302342278140594,1
gold_020_w00750,gold_020,TEST,30.0,33.0,0,18.14176745625926,1
gold_020_w00800,gold_020,TEST,32.0,35.0,0,46.382647699826386,1
gold_020_w00850,gold_020,TEST,34.0,37.0,0,56.69737551540223,1
gold_020_w00900,gold_020,TEST,36.0,39.0,0,4.053623543585907,0
gold_020_w00950,gold_020,TEST,38.0,41.0,0,4.815151679210189,1
gold_020_w01000,gold_020,TEST,40.0,43.0,0,1.992219887135473,0
gold_020_w01050,gold_020,TEST,42.0,45.0,0,2.6293886060203846,0
gold_020_w01100,gold_020,TEST,44.0,47.0,0,4.571299875254967,1
gold_020_w01150,gold_020,TEST,46.0,49.0,0,3.354269326928094,0
gold_020_w01200,gold_020,TEST,48.0,51.0,0,6.816396489399056,1
gold_020_w01250,gold_020,TEST,50.0,53.0,0,3.0473480924859837,0
gold_020_w01300,gold_020,TEST,52.0,55.0,0,8.208958336245509,1
gold_020_w01350,gold_020,TEST,54.0,57.0,0,8.208958336245509,1
gold_020_w01400,gold_020,TEST,56.0,59.0,0,1.393750668683535,0
gold_021_w00000,gold_021,TEST,0.0,3.0,0,7.259548597888812,1
gold_021_w00050,gold_021,TEST,2.0,5.0,0,4.117871645725147,1
gold_021_w00100,gold_021,TEST,4.0,7.0,0,1.456629923173601,0
gold_021_w00150,gold_021,TEST,6.0,9.0,0,2.5218770365059315,0
gold_021_w00200,gold_021,TEST,8.0,11.0,0,2.1282389180643637,0
gold_021_w00250,gold_021,TEST,10.0,13.0,0,3.364639847984413,0
gold_021_w00300,gold_021,TEST,12.0,15.0,0,2.2679495944843486,0
gold_021_w00350,gold_021,TEST,14.0,17.0,0,1.8402554255265509,0
gold_021_w00400,gold_021,TEST,16.0,19.0,0,3.1343444227338764,0
gold_021_w00450,gold_021,TEST,18.0,21.0,0,4.4910497898822195,1
gold_021_w00500,gold_021,TEST,20.0,23.0,0,1.582241701913052,0
gold_021_w00550,gold_021,TEST,22.0,25.0,0,3.833797790509571,0
gold_021_w00600,gold_021,TEST,24.0,27.0,0,4.000658961164934,0
gold_021_w00650,gold_021,TEST,26.0,29.0,0,9.125017531824028,1
gold_021_w00700,gold_021,TEST,28.0,31.0,0,9.460660218970194,1
gold_021_w00750,gold_021,TEST,30.0,33.0,0,32.35960293260775,1
gold_021_w00800,gold_021,TEST,32.0,35.0,0,10.769051273941745,1
gold_021_w00850,gold_021,TEST,34.0,37.0,0,4.407730861699401,1
gold_021_w00900,gold_021,TEST,36.0,39.0,0,6.402215260725775,1
gold_021_w00950,gold_021,TEST,38.0,41.0,0,5.687476267069943,1
gold_021_w01000,gold_021,TEST,40.0,43.0,0,12.351896138180145,1
gold_021_w01050,gold_021,TEST,42.0,45.0,0,19.365393340726612,1
gold_021_w01100,gold_021,TEST,44.0,47.0,0,8.169622974049124,1
gold_021_w01150,gold_021,TEST,46.0,49.0,0,8.979287250336537,1
gold_021_w01200,gold_021,TEST,48.0,51.0,1,8.059050882335054,1
gold_021_w01250,gold_021,TEST,50.0,53.0,0,14.390171921336611,1
gold_021_w01300,gold_021,TEST,52.0,55.0,0,5.7779970069031785,1
gold_021_w01350,gold_021,TEST,54.0,57.0,0,6.619910437605062,1
gold_021_w01400,gold_021,TEST,56.0,59.0,0,15.388362229426193,1
gold_022_w00000,gold_022,TEST,0.0,3.0,0,3.2418382037213895,0
gold_022_w00050,gold_022,TEST,2.0,5.0,0,11.85999804610142,1
gold_022_w00100,gold_022,TEST,4.0,7.0,0,13.022668950096465,1
gold_022_w00150,gold_022,TEST,6.0,9.0,0,6.844312520571819,1
gold_022_w00200,gold_022,TEST,8.0,11.0,0,1.5762449622432158,0
gold_022_w00250,gold_022,TEST,10.0,13.0,0,2.571222723225066,0
gold_022_w00300,gold_022,TEST,12.0,15.0,0,6.020943887306001,1
gold_022_w00350,gold_022,TEST,14.0,17.0,0,6.191308810716482,1
gold_022_w00400,gold_022,TEST,16.0,19.0,0,2.2332067609111257,0
gold_022_w00450,gold_022,TEST,18.0,21.0,0,17.398342441123212,1
gold_022_w00500,gold_022,TEST,20.0,23.0,0,30.194768472151406,1
gold_022_w00550,gold_022,TEST,22.0,25.0,0,30.194768472151406,1
gold_022_w00600,gold_022,TEST,24.0,27.0,0,26.16742882028334,1
gold_022_w00650,gold_022,TEST,26.0,29.0,0,31.337938556137644,1
gold_022_w00700,gold_022,TEST,28.0,31.0,0,20.157094430812364,1
gold_022_w00750,gold_022,TEST,30.0,33.0,0,31.711032271941033,1
gold_022_w00800,gold_022,TEST,32.0,35.0,0,29.260022888650514,1
gold_022_w00850,gold_022,TEST,34.0,37.0,0,20.750785471398295,1
gold_022_w00900,gold_022,TEST,36.0,39.0,0,19.651747973648874,1
gold_022_w00950,gold_022,TEST,38.0,41.0,0,20.260529024617718,1
gold_022_w01000,gold_022,TEST,40.0,43.0,1,8.60612908832401,1
gold_022_w01050,gold_022,TEST,42.0,45.0,1,11.912652326908457,1
gold_022_w01100,gold_022,TEST,44.0,47.0,0,18.23527070358922,1
gold_022_w01150,gold_022,TEST,46.0,49.0,0,14.580751310139586,1
gold_022_w01200,gold_022,TEST,48.0,51.0,0,39.72727420891371,1
gold_022_w01250,gold_022,TEST,50.0,53.0,0,16.761501525665544,1
gold_022_w01300,gold_022,TEST,52.0,55.0,0,11.750408042560956,1
gold_022_w01350,gold_022,TEST,54.0,57.0,0,12.348935733030483,1
gold_022_w01400,gold_022,TEST,56.0,59.0,0,2.350189764738648,0
gold_023_w00000,gold_023,TEST,0.0,3.0,0,42.66260013491414,1
gold_023_w00050,gold_023,TEST,2.0,5.0,0,31.729238421489125,1
gold_023_w00100,gold_023,TEST,4.0,7.0,0,27.7165309943798,1
gold_023_w00150,gold_023,TEST,6.0,9.0,0,9.913892779316964,1
gold_023_w00200,gold_023,TEST,8.0,11.0,0,1.5676537960559376,0
gold_023_w00250,gold_023,TEST,10.0,13.0,0,5.7087302752586115,1
gold_023_w00300,gold_023,TEST,12.0,15.0,0,2.801856694521611,0
gold_023_w00350,gold_023,TEST,14.0,17.0,1,17.396816419242196,1
gold_023_w00400,gold_023,TEST,16.0,19.0,1,19.634080932551655,1
gold_023_w00450,gold_023,TEST,18.0,21.0,0,12.228977771350035,1
gold_023_w00500,gold_023,TEST,20.0,23.0,0,8.3682016514954,1
gold_023_w00550,gold_023,TEST,22.0,25.0,0,1.7347754651849723,0
gold_023_w00600,gold_023,TEST,24.0,27.0,0,10.351104406210125,1
gold_023_w00650,gold_023,TEST,26.0,29.0,0,10.217194588756833,1
gold_023_w00700,gold_023,TEST,28.0,31.0,0,1.340945039317882,0
gold_023_w00750,gold_023,TEST,30.0,33.0,0,1.7128539563336886,0
gold_023_w00800,gold_023,TEST,32.0,35.0,0,0.9458240602400441,0
gold_023_w00850,gold_023,TEST,34.0,37.0,0,1.0353411316593792,0
gold_023_w00900,gold_023,TEST,36.0,39.0,0,1.2330096718314643,0
gold_023_w00950,gold_023,TEST,38.0,41.0,1,3.340680718144066,0
gold_023_w01000,gold_023,TEST,40.0,43.0,1,9.04683700196951,1
gold_023_w01050,gold_023,TEST,42.0,45.0,0,6.8415650187672625,1
gold_023_w01100,gold_023,TEST,44.0,47.0,0,2.606097794912918,0
gold_023_w01150,gold_023,TEST,46.0,49.0,0,22.972633237327514,1
gold_023_w01200,gold_023,TEST,48.0,51.0,0,26.18308579504915,1
gold_023_w01250,gold_023,TEST,50.0,53.0,0,3.199174645341646,0
gold_023_w01300,gold_023,TEST,52.0,55.0,0,7.011995560083655,1
gold_023_w01350,gold_023,TEST,54.0,57.0,0,2.036490322548751,0
gold_023_w01400,gold_023,TEST,56.0,59.0,0,3.361866666442598,0
gold_024_w00000,gold_024,TEST,0.0,3.0,0,0.8211179146399967,0
gold_024_w00050,gold_024,TEST,2.0,5.0,0,0.8211175945255409,0
gold_024_w00100,gold_024,TEST,4.0,7.0,0,2.316524608763178,0
gold_024_w00150,gold_024,TEST,6.0,9.0,0,2.4045565967515437,0
gold_024_w00200,gold_024,TEST,8.0,11.0,0,0.7907822704537537,0
gold_024_w00250,gold_024,TEST,10.0,13.0,0,3.475143772738768,0
gold_024_w00300,gold_024,TEST,12.0,15.0,0,2.1048259912948843,0
gold_024_w00350,gold_024,TEST,14.0,17.0,0,2.036851693978127,0
gold_024_w00400,gold_024,TEST,16.0,19.0,0,1.4840640919469354,0
gold_024_w00450,gold_024,TEST,18.0,21.0,0,0.7737752874414419,0
gold_024_w00500,gold_024,TEST,20.0,23.0,0,0.6794213359450403,0
gold_024_w00550,gold_024,TEST,22.0,25.0,0,1.455268653122701,0
gold_024_w00600,gold_024,TEST,24.0,27.0,0,1.1388343175252302,0
gold_024_w00650,gold_024,TEST,26.0,29.0,0,0.7093842513077782,0
gold_024_w00700,gold_024,TEST,28.0,31.0,0,0.7944037386309599,0
gold_024_w00750,gold_024,TEST,30.0,33.0,0,1.3804148049343503,0
gold_024_w00800,gold_024,TEST,32.0,35.0,0,1.748590642755687,0
gold_024_w00850,gold_024,TEST,34.0,37.0,0,1.1271281008953835,0
gold_024_w00900,gold_024,TEST,36.0,39.0,0,1.0446659168163386,0
gold_024_w00950,gold_024,TEST,38.0,41.0,0,1.049680507544318,0
gold_024_w01000,gold_024,TEST,40.0,43.0,0,8.73254070415366,1
gold_024_w01050,gold_024,TEST,42.0,45.0,0,10.001040500916554,1
gold_024_w01100,gold_024,TEST,44.0,47.0,0,2.9260238700813446,0
gold_024_w01150,gold_024,TEST,46.0,49.0,0,1.4516594515535974,0
gold_024_w01200,gold_024,TEST,48.0,51.0,0,1.3107704527172466,0
gold_024_w01250,gold_024,TEST,50.0,53.0,0,0.8606261340054608,0
gold_024_w01300,gold_024,TEST,52.0,55.0,0,1.6162684936345642,0
gold_024_w01350,gold_024,TEST,54.0,57.0,0,3.1440125111933437,0
gold_024_w01400,gold_024,TEST,56.0,59.0,0,7.216612101156971,1
gold_025_w00000,gold_025,TEST,0.0,3.0,0,18.737422430932032,1
gold_025_w00050,gold_025,TEST,2.0,5.0,0,35.722079966173965,1
gold_025_w00100,gold_025,TEST,4.0,7.0,0,39.113140999298395,1
gold_025_w00150,gold_025,TEST,6.0,9.0,0,35.36081328258649,1
gold_025_w00200,gold_025,TEST,8.0,11.0,0,3.598384870515847,0
gold_025_w00250,gold_025,TEST,10.0,13.0,0,1.6468117453835234,0
gold_025_w00300,gold_025,TEST,12.0,15.0,0,1.6541736087043297,0
gold_025_w00350,gold_025,TEST,14.0,17.0,0,2.2109084673972745,0
gold_025_w00400,gold_025,TEST,16.0,19.0,0,1.8829391586197062,0
gold_025_w00450,gold_025,TEST,18.0,21.0,0,5.440543950576622,1
gold_025_w00500,gold_025,TEST,20.0,23.0,0,8.565957089404144,1
gold_025_w00550,gold_025,TEST,22.0,25.0,0,10.440776358117539,1
gold_025_w00600,gold_025,TEST,24.0,27.0,0,7.340366152338788,1
gold_025_w00650,gold_025,TEST,26.0,29.0,0,10.478666847958188,1
gold_025_w00700,gold_025,TEST,28.0,31.0,1,21.12513118468248,1
gold_025_w00750,gold_025,TEST,30.0,33.0,1,13.624687511743122,1
gold_025_w00800,gold_025,TEST,32.0,35.0,0,10.455471346289432,1
gold_025_w00850,gold_025,TEST,34.0,37.0,0,7.45979202479682,1
gold_025_w00900,gold_025,TEST,36.0,39.0,0,7.07036112162063,1
gold_025_w00950,gold_025,TEST,38.0,41.0,0,13.37728351715843,1
gold_025_w01000,gold_025,TEST,40.0,43.0,0,19.05162977338668,1
gold_025_w01050,gold_025,TEST,42.0,45.0,0,23.685611732912026,1
gold_025_w01100,gold_025,TEST,44.0,47.0,0,4.759984646365929,1
gold_025_w01150,gold_025,TEST,46.0,49.0,0,5.819010851266517,1
gold_025_w01200,gold_025,TEST,48.0,51.0,0,12.413002728860176,1
gold_025_w01250,gold_025,TEST,50.0,53.0,1,5.645851622372534,1
gold_025_w01300,gold_025,TEST,52.0,55.0,1,4.438894637536904,1
gold_025_w01350,gold_025,TEST,54.0,57.0,0,2.4751990569499345,0
gold_025_w01400,gold_025,TEST,56.0,59.0,1,9.715903988807103,1
gold_026_w00000,gold_026,TEST,0.0,3.0,0,1.4854037967317346,0
gold_026_w00050,gold_026,TEST,2.0,5.0,0,6.499711507961761,1
gold_026_w00100,gold_026,TEST,4.0,7.0,0,8.036966870714759,1
gold_026_w00150,gold_026,TEST,6.0,9.0,0,3.2624912973328435,0
gold_026_w00200,gold_026,TEST,8.0,11.0,0,4.317366264361057,1
gold_026_w00250,gold_026,TEST,10.0,13.0,0,3.651623596956135,0
gold_026_w00300,gold_026,TEST,12.0,15.0,0,11.189096657546282,1
gold_026_w00350,gold_026,TEST,14.0,17.0,0,9.282487255821135,1
gold_026_w00400,gold_026,TEST,16.0,19.0,0,3.542739944580284,0
gold_026_w00450,gold_026,TEST,18.0,21.0,0,2.418063913191955,0
gold_026_w00500,gold_026,TEST,20.0,23.0,0,1.792857727804389,0
gold_026_w00550,gold_026,TEST,22.0,25.0,0,1.4861466667868921,0
gold_026_w00600,gold_026,TEST,24.0,27.0,0,3.751387040376119,0
gold_026_w00650,gold_026,TEST,26.0,29.0,0,1.2605421248571616,0
gold_026_w00700,gold_026,TEST,28.0,31.0,0,1.3194033188142003,0
gold_026_w00750,gold_026,TEST,30.0,33.0,0,1.449011871142254,0
gold_026_w00800,gold_026,TEST,32.0,35.0,0,3.4437181977403295,0
gold_026_w00850,gold_026,TEST,34.0,37.0,0,4.984460837357542,1
gold_026_w00900,gold_026,TEST,36.0,39.0,0,4.698619300113151,1
gold_026_w00950,gold_026,TEST,38.0,41.0,1,6.5723739837433275,1
gold_026_w01000,gold_026,TEST,40.0,43.0,1,6.36013807061115,1
gold_026_w01050,gold_026,TEST,42.0,45.0,1,3.0843687835551172,0
gold_026_w01100,gold_026,TEST,44.0,47.0,1,2.0118103876536537,0
gold_026_w01150,gold_026,TEST,46.0,49.0,1,1.3627501667795983,0
gold_026_w01200,gold_026,TEST,48.0,51.0,1,1.3998138365489936,0
gold_026_w01250,gold_026,TEST,50.0,53.0,1,1.5026299158732144,0
gold_026_w01300,gold_026,TEST,52.0,55.0,1,2.4220123846769965,0
gold_026_w01350,gold_026,TEST,54.0,57.0,1,2.693910160820531,0
gold_026_w01400,gold_026,TEST,56.0,59.0,1,2.301840848856047,0
gold_027_w00000,gold_027,TEST,0.0,3.0,0,4.4961742498935955,1
gold_027_w00050,gold_027,TEST,2.0,5.0,0,2.5557311664928157,0
gold_027_w00100,gold_027,TEST,4.0,7.0,0,0.8459553085007059,0
gold_027_w00150,gold_027,TEST,6.0,9.0,0,1.0291110241051893,0
gold_027_w00200,gold_027,TEST,8.0,11.0,0,1.5873200432126104,0
gold_027_w00250,gold_027,TEST,10.0,13.0,0,4.540683170576489,1
gold_027_w00300,gold_027,TEST,12.0,15.0,0,1.8910886457750067,0
gold_027_w00350,gold_027,TEST,14.0,17.0,0,0.8759933129335096,0
gold_027_w00400,gold_027,TEST,16.0,19.0,0,1.4188810148438673,0
gold_027_w00450,gold_027,TEST,18.0,21.0,0,1.1880385970180143,0
gold_027_w00500,gold_027,TEST,20.0,23.0,0,0.9475141894289436,0
gold_027_w00550,gold_027,TEST,22.0,25.0,0,2.7598095118026986,0
gold_027_w00600,gold_027,TEST,24.0,27.0,0,2.9512177558489956,0
gold_027_w00650,gold_027,TEST,26.0,29.0,0,3.647000555114044,0
gold_027_w00700,gold_027,TEST,28.0,31.0,0,7.740426516477344,1
gold_027_w00750,gold_027,TEST,30.0,33.0,0,22.787768597369485,1
gold_027_w00800,gold_027,TEST,32.0,35.0,1,8.626141710853823,1
gold_027_w00850,gold_027,TEST,34.0,37.0,1,15.199167950309006,1
gold_027_w00900,gold_027,TEST,36.0,39.0,1,6.384281089533758,1
gold_027_w00950,gold_027,TEST,38.0,41.0,0,1.970282907641522,0
gold_027_w01000,gold_027,TEST,40.0,43.0,0,3.0796455947947674,0
gold_027_w01050,gold_027,TEST,42.0,45.0,0,2.168054934148195,0
gold_027_w01100,gold_027,TEST,44.0,47.0,1,8.906197069963959,1
gold_027_w01150,gold_027,TEST,46.0,49.0,0,35.63131057910441,1
gold_027_w01200,gold_027,TEST,48.0,51.0,0,32.23933375576446,1
gold_027_w01250,gold_027,TEST,50.0,53.0,0,2.694591633367658,0
gold_027_w01300,gold_027,TEST,52.0,55.0,0,2.823679446062572,0
gold_027_w01350,gold_027,TEST,54.0,57.0,0,10.070655721606661,1
gold_027_w01400,gold_027,TEST,56.0,59.0,0,30.51696034821328,1
gold_028_w00000,gold_028,TEST,0.0,3.0,0,0.14602235841863043,0
gold_028_w00050,gold_028,TEST,2.0,5.0,0,0.9219730725655213,0
gold_028_w00100,gold_028,TEST,4.0,7.0,0,1.509576884460898,0
gold_028_w00150,gold_028,TEST,6.0,9.0,0,0.8261786874357724,0
gold_028_w00200,gold_028,TEST,8.0,11.0,0,1.4875900253549366,0
gold_028_w00250,gold_028,TEST,10.0,13.0,0,1.5055408541694983,0
gold_028_w00300,gold_028,TEST,12.0,15.0,0,1.2968577607806224,0
gold_028_w00350,gold_028,TEST,14.0,17.0,0,1.1796726594160245,0
gold_028_w00400,gold_028,TEST,16.0,19.0,0,1.492810876775181,0
gold_028_w00450,gold_028,TEST,18.0,21.0,0,1.1176422278642129,0
gold_028_w00500,gold_028,TEST,20.0,23.0,0,1.6528552284329692,0
gold_028_w00550,gold_028,TEST,22.0,25.0,0,1.0427681357154883,0
gold_028_w00600,gold_028,TEST,24.0,27.0,0,1.226708284346933,0
gold_028_w00650,gold_028,TEST,26.0,29.0,0,1.8338058167126405,0
gold_028_w00700,gold_028,TEST,28.0,31.0,0,0.8988289755263272,0
gold_028_w00750,gold_028,TEST,30.0,33.0,0,1.7156398062939457,0
gold_028_w00800,gold_028,TEST,32.0,35.0,0,1.2028538402699684,0
gold_028_w00850,gold_028,TEST,34.0,37.0,0,1.2286612231692549,0
gold_028_w00900,gold_028,TEST,36.0,39.0,0,2.265131504107751,0
gold_028_w00950,gold_028,TEST,38.0,41.0,0,1.8599468527973997,0
gold_028_w01000,gold_028,TEST,40.0,43.0,0,1.012372675475543,0
gold_028_w01050,gold_028,TEST,42.0,45.0,0,1.3043903165208186,0
gold_028_w01100,gold_028,TEST,44.0,47.0,0,12.774873625148462,1
gold_028_w01150,gold_028,TEST,46.0,49.0,1,8.503611370344526,1
gold_028_w01200,gold_028,TEST,48.0,51.0,1,13.866082784457124,1
gold_028_w01250,gold_028,TEST,50.0,53.0,0,17.0831795322312,1
gold_028_w01300,gold_028,TEST,52.0,55.0,0,5.186533404535918,1
gold_028_w01350,gold_028,TEST,54.0,57.0,0,1.7452757969880768,0
gold_028_w01400,gold_028,TEST,56.0,59.0,0,1.517414231956149,0
gold_029_w00000,gold_029,TEST,0.0,3.0,0,11.191214381398053,1
gold_029_w00050,gold_029,TEST,2.0,5.0,0,1.669740567507473,0
gold_029_w00100,gold_029,TEST,4.0,7.0,0,1.0994141096279648,0
gold_029_w00150,gold_029,TEST,6.0,9.0,0,1.1281084425243755,0
gold_029_w00200,gold_029,TEST,8.0,11.0,0,1.0285767886466388,0
gold_029_w00250,gold_029,TEST,10.0,13.0,0,1.5070751541422265,0
gold_029_w00300,gold_029,TEST,12.0,15.0,0,1.8222201954234762,0
gold_029_w00350,gold_029,TEST,14.0,17.0,0,2.9486579183654147,0
gold_029_w00400,gold_029,TEST,16.0,19.0,0,1.086044064768549,0
gold_029_w00450,gold_029,TEST,18.0,21.0,0,3.366422577615671,0
gold_029_w00500,gold_029,TEST,20.0,23.0,0,3.665774467663896,0
gold_029_w00550,gold_029,TEST,22.0,25.0,0,2.2579401678694495,0
gold_029_w00600,gold_029,TEST,24.0,27.0,0,1.1880639438584737,0
gold_029_w00650,gold_029,TEST,26.0,29.0,0,5.377003224690711,1
gold_029_w00700,gold_029,TEST,28.0,31.0,0,6.51754909906634,1
gold_029_w00750,gold_029,TEST,30.0,33.0,1,6.327937530748791,1
gold_029_w00800,gold_029,TEST,32.0,35.0,0,1.5151341978486634,0
gold_029_w00850,gold_029,TEST,34.0,37.0,0,2.8893002596768547,0
gold_029_w00900,gold_029,TEST,36.0,39.0,0,6.95442022421423,1
gold_029_w00950,gold_029,TEST,38.0,41.0,0,1.5386540517384706,0
gold_029_w01000,gold_029,TEST,40.0,43.0,0,1.1028890898733454,0
gold_029_w01050,gold_029,TEST,42.0,45.0,0,1.5172759369536752,0
gold_029_w01100,gold_029,TEST,44.0,47.0,0,1.2352711270739185,0
gold_029_w01150,gold_029,TEST,46.0,49.0,0,1.3671952027540968,0
gold_029_w01200,gold_029,TEST,48.0,51.0,0,1.2653442951904896,0
gold_029_w01250,gold_029,TEST,50.0,53.0,0,1.6194450116101997,0
gold_029_w01300,gold_029,TEST,52.0,55.0,0,1.7691441293640882,0
gold_029_w01350,gold_029,TEST,54.0,57.0,0,1.3725725698582263,0
gold_029_w01400,gold_029,TEST,56.0,59.0,0,12.44872819460359,1
gold_030_w00000,gold_030,TEST,0.0,3.0,0,2.858196355079429,0
gold_030_w00050,gold_030,TEST,2.0,5.0,0,3.2297090300869153,0
gold_030_w00100,gold_030,TEST,4.0,7.0,0,3.3580442745507835,0
gold_030_w00150,gold_030,TEST,6.0,9.0,0,1.2818055726709383,0
gold_030_w00200,gold_030,TEST,8.0,11.0,0,2.5192410984795206,0
gold_030_w00250,gold_030,TEST,10.0,13.0,0,5.8896242688586,1
gold_030_w00300,gold_030,TEST,12.0,15.0,0,6.932932010063778,1
gold_030_w00350,gold_030,TEST,14.0,17.0,0,4.282644464697328,1
gold_030_w00400,gold_030,TEST,16.0,19.0,0,3.3086518407701515,0
gold_030_w00450,gold_030,TEST,18.0,21.0,0,2.6713994527474605,0
gold_030_w00500,gold_030,TEST,20.0,23.0,0,1.741230112133609,0
gold_030_w00550,gold_030,TEST,22.0,25.0,0,1.3777470710950066,0
gold_030_w00600,gold_030,TEST,24.0,27.0,0,3.4758000151538724,0
gold_030_w00650,gold_030,TEST,26.0,29.0,0,1.3073161809872396,0
gold_030_w00700,gold_030,TEST,28.0,31.0,0,1.561368722182059,0
gold_030_w00750,gold_030,TEST,30.0,33.0,0,1.6523269628867165,0
gold_030_w00800,gold_030,TEST,32.0,35.0,0,4.40168549797753,1
gold_030_w00850,gold_030,TEST,34.0,37.0,0,2.877648501407303,0
gold_030_w00900,gold_030,TEST,36.0,39.0,0,2.5152552266776773,0
gold_030_w00950,gold_030,TEST,38.0,41.0,0,5.208649527498631,1
gold_030_w01000,gold_030,TEST,40.0,43.0,0,1.498511554922505,0
gold_030_w01050,gold_030,TEST,42.0,45.0,0,0.684153828031814,0
gold_030_w01100,gold_030,TEST,44.0,47.0,0,1.849099061427978,0
gold_030_w01150,gold_030,TEST,46.0,49.0,0,4.282900945845752,1
gold_030_w01200,gold_030,TEST,48.0,51.0,0,4.712376000997915,1
gold_030_w01250,gold_030,TEST,50.0,53.0,0,1.7592067442852066,0
gold_030_w01300,gold_030,TEST,52.0,55.0,0,1.5466739970209495,0
gold_030_w01350,gold_030,TEST,54.0,57.0,0,1.4944969679647997,0
gold_030_w01400,gold_030,TEST,56.0,59.0,0,1.6550369396076388,0
