video_id,split,reason
IH6KWbTogT0,dev,watch_list_online_gold
P4ul1tuvi9c,dev,watch_list_online_gold
xkHwlcDSOjc,dev,watch_list_online_gold
RzIxWA-ll8g,dev,watch_list_online_gold
D8K1AAxkg0g,dev,watch_list_online_gold
niEsUBm1l98,dev,watch_list_online_gold
wrhnUxQrx8g,dev,watch_list_online_gold
sfUBZaWn2f8,dev,watch_list_online_gold
GJtqigeWHV8,dev,watch_list_online_gold
jg6y3LABwTs,dev,watch_list_online_gold
FzCjvLU7u7Q,dev,watch_list_online_gold
6RDkdbgzeAI,dev,watch_list_online_gold
WrWFSBLjWZU,dev,watch_list_online_gold
f6aNo5Mod9I,dev,watch_list_online_gold
Ak2Bm8mfL3w,dev,watch_list_online_gold
Cusa1_4R_QI,test,watch_list_online_gold
oQNpe8uwSUA,test,watch_list_online_gold
Zrer1sqWzOQ,test,watch_list_online_gold
YDI27aeM2O8,test,watch_list_online_gold
V1tcw5SLwmM,test,watch_list_online_gold
MGXtWqf1_BA,test,watch_list_online_gold
jn_3yDP58Ik,test,watch_list_online_gold
zS-xXIiLrWw,test,watch_list_online_gold
PM3oaJMiDd4,test,watch_list_online_gold
J4XrvnkftL8,test,watch_list_online_gold
G6tLY8FiheE,test,watch_list_online_gold
VSdVKQhnD9s,test,watch_list_online_gold
N-6L1u42cnw,test,watch_list_online_gold
PDd6qEv0_7c,test,watch_list_online_gold
ktR3_bXoxaE,test,watch_list_online_gold
