window_id,sample_id,split,start_sec,end_sec,label,rule_score,frozen_threshold_pred,dev_selected_pred
gold_001_w00000,gold_001,DEV,0.0,3.0,0,2.374296530073902,0,0
gold_001_w00050,gold_001,DEV,2.0,5.0,1,2.9091989576677633,0,1
gold_001_w00100,gold_001,DEV,4.0,7.0,1,2.3656182913652457,0,0
gold_001_w00150,gold_001,DEV,6.0,9.0,0,0.7072159113028129,0,0
gold_001_w00200,gold_001,DEV,8.0,11.0,0,3.6528453799116694,0,1
gold_001_w00250,gold_001,DEV,10.0,13.0,0,1.6440907784136352,0,0
gold_001_w00300,gold_001,DEV,12.0,15.0,0,0.9429487958376807,0,0
gold_001_w00350,gold_001,DEV,14.0,17.0,1,2.172440403060764,0,0
gold_001_w00400,gold_001,DEV,16.0,19.0,1,1.0492709312036594,0,0
gold_001_w00450,gold_001,DEV,18.0,21.0,0,10.724145245913311,0,1
gold_001_w00500,gold_001,DEV,20.0,23.0,0,11.637308296901676,0,1
gold_001_w00550,gold_001,DEV,22.0,25.0,0,4.873293139162055,0,1
gold_001_w00600,gold_001,DEV,24.0,27.0,1,11.682430708158318,0,1
gold_001_w00650,gold_001,DEV,26.0,29.0,1,11.232027351828428,0,1
gold_001_w00700,gold_001,DEV,28.0,31.0,0,17.28858473473223,1,1
gold_001_w00750,gold_001,DEV,30.0,33.0,0,17.93694719790306,1,1
gold_001_w00800,gold_001,DEV,32.0,35.0,0,3.1893551777570774,0,1
gold_001_w00850,gold_001,DEV,34.0,37.0,0,3.118552440252068,0,1
gold_001_w00900,gold_001,DEV,36.0,39.0,0,1.0121178242432673,0,0
gold_001_w00950,gold_001,DEV,38.0,41.0,0,5.032137509548319,0,1
gold_001_w01000,gold_001,DEV,40.0,43.0,0,2.657217600406753,0,0
gold_001_w01050,gold_001,DEV,42.0,45.0,0,4.945681725015206,0,1
gold_001_w01100,gold_001,DEV,44.0,47.0,0,7.380131779850801,0,1
gold_001_w01150,gold_001,DEV,46.0,49.0,0,3.740010146216645,0,1
gold_001_w01200,gold_001,DEV,48.0,51.0,0,12.17430290809048,0,1
gold_001_w01250,gold_001,DEV,50.0,53.0,0,4.9441057091826215,0,1
gold_001_w01300,gold_001,DEV,52.0,55.0,0,7.979913491816532,0,1
gold_001_w01350,gold_001,DEV,54.0,57.0,0,7.227468540840739,0,1
gold_001_w01400,gold_001,DEV,56.0,59.0,0,9.938494891275646,0,1
gold_002_w00000,gold_002,DEV,0.0,3.0,0,4.442268544977374,0,1
gold_002_w00050,gold_002,DEV,2.0,5.0,0,11.064338773002746,0,1
gold_002_w00100,gold_002,DEV,4.0,7.0,0,4.417106061548633,0,1
gold_002_w00150,gold_002,DEV,6.0,9.0,0,9.037242124686458,0,1
gold_002_w00200,gold_002,DEV,8.0,11.0,0,6.139017078426349,0,1
gold_002_w00250,gold_002,DEV,10.0,13.0,0,28.3255121608992,1,1
gold_002_w00300,gold_002,DEV,12.0,15.0,1,5.703008456107913,0,1
gold_002_w00350,gold_002,DEV,14.0,17.0,1,4.062727957060854,0,1
gold_002_w00400,gold_002,DEV,16.0,19.0,0,6.130798675519344,0,1
gold_002_w00450,gold_002,DEV,18.0,21.0,0,3.21245971759717,0,1
gold_002_w00500,gold_002,DEV,20.0,23.0,0,6.4786321977913435,0,1
gold_002_w00550,gold_002,DEV,22.0,25.0,0,7.692944006486396,0,1
gold_002_w00600,gold_002,DEV,24.0,27.0,0,4.265676894110136,0,1
gold_002_w00650,gold_002,DEV,26.0,29.0,0,5.520317039845445,0,1
gold_002_w00700,gold_002,DEV,28.0,31.0,0,11.250289087806859,0,1
gold_002_w00750,gold_002,DEV,30.0,33.0,0,4.6174946164751525,0,1
gold_002_w00800,gold_002,DEV,32.0,35.0,0,3.5561239180309716,0,1
gold_002_w00850,gold_002,DEV,34.0,37.0,0,2.5231105297595526,0,0
gold_002_w00900,gold_002,DEV,36.0,39.0,0,3.028639884539704,0,1
gold_002_w00950,gold_002,DEV,38.0,41.0,1,4.029607717251736,0,1
gold_002_w01000,gold_002,DEV,40.0,43.0,0,2.198822479425891,0,0
gold_002_w01050,gold_002,DEV,42.0,45.0,0,3.560125268700526,0,1
gold_002_w01100,gold_002,DEV,44.0,47.0,0,3.3564724844375124,0,1
gold_002_w01150,gold_002,DEV,46.0,49.0,0,3.0581906547635427,0,1
gold_002_w01200,gold_002,DEV,48.0,51.0,0,2.0475110807618933,0,0
gold_002_w01250,gold_002,DEV,50.0,53.0,0,4.008286624188134,0,1
gold_002_w01300,gold_002,DEV,52.0,55.0,0,10.81138125999827,0,1
gold_002_w01350,gold_002,DEV,54.0,57.0,0,11.412980553153544,0,1
gold_002_w01400,gold_002,DEV,56.0,59.0,0,8.54793631324685,0,1
gold_003_w00000,gold_003,DEV,0.0,3.0,0,28.295344878243505,1,1
gold_003_w00050,gold_003,DEV,2.0,5.0,0,38.62246011854063,1,1
gold_003_w00100,gold_003,DEV,4.0,7.0,0,11.94409813928163,0,1
gold_003_w00150,gold_003,DEV,6.0,9.0,0,2.119567838860009,0,0
gold_003_w00200,gold_003,DEV,8.0,11.0,0,3.5596868835128834,0,1
gold_003_w00250,gold_003,DEV,10.0,13.0,0,1.671950109077228,0,0
gold_003_w00300,gold_003,DEV,12.0,15.0,0,2.6053504254712445,0,0
gold_003_w00350,gold_003,DEV,14.0,17.0,0,1.9526234128814242,0,0
gold_003_w00400,gold_003,DEV,16.0,19.0,0,1.7234641644226691,0,0
gold_003_w00450,gold_003,DEV,18.0,21.0,0,1.4253362920178718,0,0
gold_003_w00500,gold_003,DEV,20.0,23.0,0,2.0176520336480195,0,0
gold_003_w00550,gold_003,DEV,22.0,25.0,0,3.3977995374541834,0,1
gold_003_w00600,gold_003,DEV,24.0,27.0,1,8.213389606061794,0,1
gold_003_w00650,gold_003,DEV,26.0,29.0,0,7.722269609535791,0,1
gold_003_w00700,gold_003,DEV,28.0,31.0,1,4.034157102758246,0,1
gold_003_w00750,gold_003,DEV,30.0,33.0,1,14.954325294716977,0,1
gold_003_w00800,gold_003,DEV,32.0,35.0,0,15.995744660739902,0,1
gold_003_w00850,gold_003,DEV,34.0,37.0,0,3.1137522773031394,0,1
gold_003_w00900,gold_003,DEV,36.0,39.0,0,1.7139507162543204,0,0
gold_003_w00950,gold_003,DEV,38.0,41.0,0,0.9286270852967036,0,0
gold_003_w01000,gold_003,DEV,40.0,43.0,0,1.5495215996162077,0,0
gold_003_w01050,gold_003,DEV,42.0,45.0,0,1.685707211216572,0,0
gold_003_w01100,gold_003,DEV,44.0,47.0,0,18.546223230851066,1,1
gold_003_w01150,gold_003,DEV,46.0,49.0,0,15.349522372336928,0,1
gold_003_w01200,gold_003,DEV,48.0,51.0,0,1.9019378004096374,0,0
gold_003_w01250,gold_003,DEV,50.0,53.0,0,2.4421097570921795,0,0
gold_003_w01300,gold_003,DEV,52.0,55.0,0,2.3189705468558017,0,0
gold_003_w01350,gold_003,DEV,54.0,57.0,0,2.150484394082385,0,0
gold_003_w01400,gold_003,DEV,56.0,59.0,0,1.5613106921002249,0,0
gold_004_w00000,gold_004,DEV,0.0,3.0,0,1.1537584358162096,0,0
gold_004_w00050,gold_004,DEV,2.0,5.0,0,1.3971896805129713,0,0
gold_004_w00100,gold_004,DEV,4.0,7.0,0,2.4034474935287147,0,0
gold_004_w00150,gold_004,DEV,6.0,9.0,0,4.47989363992688,0,1
gold_004_w00200,gold_004,DEV,8.0,11.0,0,9.635501066843698,0,1
gold_004_w00250,gold_004,DEV,10.0,13.0,0,10.934530131800173,0,1
gold_004_w00300,gold_004,DEV,12.0,15.0,0,20.04555097771141,1,1
gold_004_w00350,gold_004,DEV,14.0,17.0,1,19.932748884587912,1,1
gold_004_w00400,gold_004,DEV,16.0,19.0,0,4.772475800592041,0,1
gold_004_w00450,gold_004,DEV,18.0,21.0,0,3.496594780252819,0,1
gold_004_w00500,gold_004,DEV,20.0,23.0,1,2.9531377743452403,0,1
gold_004_w00550,gold_004,DEV,22.0,25.0,0,3.0838051953793766,0,1
gold_004_w00600,gold_004,DEV,24.0,27.0,0,2.2827131220232957,0,0
gold_004_w00650,gold_004,DEV,26.0,29.0,0,3.436800593262797,0,1
gold_004_w00700,gold_004,DEV,28.0,31.0,0,2.7202367226838593,0,1
gold_004_w00750,gold_004,DEV,30.0,33.0,0,4.589938823993402,0,1
gold_004_w00800,gold_004,DEV,32.0,35.0,0,10.304005556173285,0,1
gold_004_w00850,gold_004,DEV,34.0,37.0,0,7.571886418304821,0,1
gold_004_w00900,gold_004,DEV,36.0,39.0,0,7.4429862593715495,0,1
gold_004_w00950,gold_004,DEV,38.0,41.0,0,6.546938149245488,0,1
gold_004_w01000,gold_004,DEV,40.0,43.0,0,4.432683267126601,0,1
gold_004_w01050,gold_004,DEV,42.0,45.0,0,4.43404067424073,0,1
gold_004_w01100,gold_004,DEV,44.0,47.0,0,11.500221780407992,0,1
gold_004_w01150,gold_004,DEV,46.0,49.0,0,10.454996414673664,0,1
gold_004_w01200,gold_004,DEV,48.0,51.0,0,6.301399693344596,0,1
gold_004_w01250,gold_004,DEV,50.0,53.0,0,4.014707678681498,0,1
gold_004_w01300,gold_004,DEV,52.0,55.0,0,5.142352955602558,0,1
gold_004_w01350,gold_004,DEV,54.0,57.0,0,2.521984553837285,0,0
gold_004_w01400,gold_004,DEV,56.0,59.0,0,1.4441435242588465,0,0
gold_005_w00000,gold_005,DEV,0.0,3.0,0,1.1346282165367088,0,0
gold_005_w00050,gold_005,DEV,2.0,5.0,0,1.4492540959711722,0,0
gold_005_w00100,gold_005,DEV,4.0,7.0,0,3.376027831386585,0,1
gold_005_w00150,gold_005,DEV,6.0,9.0,0,3.4322017469606436,0,1
gold_005_w00200,gold_005,DEV,8.0,11.0,0,1.4324188054580542,0,0
gold_005_w00250,gold_005,DEV,10.0,13.0,0,1.1346367111295006,0,0
gold_005_w00300,gold_005,DEV,12.0,15.0,0,0.8093901992122072,0,0
gold_005_w00350,gold_005,DEV,14.0,17.0,0,0.7557172230629403,0,0
gold_005_w00400,gold_005,DEV,16.0,19.0,0,1.2002294380348077,0,0
gold_005_w00450,gold_005,DEV,18.0,21.0,1,1.5094140392917055,0,0
gold_005_w00500,gold_005,DEV,20.0,23.0,1,1.503894981526555,0,0
gold_005_w00550,gold_005,DEV,22.0,25.0,0,1.1133402533186656,0,0
gold_005_w00600,gold_005,DEV,24.0,27.0,0,4.305394124873604,0,1
gold_005_w00650,gold_005,DEV,26.0,29.0,0,1.9186315147471085,0,0
gold_005_w00700,gold_005,DEV,28.0,31.0,0,1.3680514889163593,0,0
gold_005_w00750,gold_005,DEV,30.0,33.0,0,2.147829748255951,0,0
gold_005_w00800,gold_005,DEV,32.0,35.0,0,1.7557196961694155,0,0
gold_005_w00850,gold_005,DEV,34.0,37.0,0,0.8264936311539541,0,0
gold_005_w00900,gold_005,DEV,36.0,39.0,0,0.6426188017660657,0,0
gold_005_w00950,gold_005,DEV,38.0,41.0,0,0.7599303661248635,0,0
gold_005_w01000,gold_005,DEV,40.0,43.0,0,0.8522205908537481,0,0
gold_005_w01050,gold_005,DEV,42.0,45.0,1,1.7239780626096977,0,0
gold_005_w01100,gold_005,DEV,44.0,47.0,1,1.2385332967851594,0,0
gold_005_w01150,gold_005,DEV,46.0,49.0,0,1.3171817861792672,0,0
gold_005_w01200,gold_005,DEV,48.0,51.0,0,1.4018600421630039,0,0
gold_005_w01250,gold_005,DEV,50.0,53.0,0,0.5854471569016839,0,0
gold_005_w01300,gold_005,DEV,52.0,55.0,1,5.906221885503328,0,1
gold_005_w01350,gold_005,DEV,54.0,57.0,1,5.098521806143395,0,1
gold_005_w01400,gold_005,DEV,56.0,59.0,0,1.2545013927913242,0,0
gold_006_w00000,gold_006,DEV,0.0,3.0,0,0.7184010590046734,0,0
gold_006_w00050,gold_006,DEV,2.0,5.0,1,2.855282604902783,0,1
gold_006_w00100,gold_006,DEV,4.0,7.0,1,2.6986285461968276,0,1
gold_006_w00150,gold_006,DEV,6.0,9.0,0,1.0447452501817214,0,0
gold_006_w00200,gold_006,DEV,8.0,11.0,0,2.20147268601231,0,0
gold_006_w00250,gold_006,DEV,10.0,13.0,0,1.6304853021542831,0,0
gold_006_w00300,gold_006,DEV,12.0,15.0,0,5.22820237656679,0,1
gold_006_w00350,gold_006,DEV,14.0,17.0,0,4.06199147153673,0,1
gold_006_w00400,gold_006,DEV,16.0,19.0,0,3.422099064280113,0,1
gold_006_w00450,gold_006,DEV,18.0,21.0,0,4.16357887604021,0,1
gold_006_w00500,gold_006,DEV,20.0,23.0,0,7.3024960381167965,0,1
gold_006_w00550,gold_006,DEV,22.0,25.0,0,15.099351797570769,0,1
gold_006_w00600,gold_006,DEV,24.0,27.0,0,2.9779997516623276,0,1
gold_006_w00650,gold_006,DEV,26.0,29.0,0,1.292585606341599,0,0
gold_006_w00700,gold_006,DEV,28.0,31.0,1,6.137299153632513,0,1
gold_006_w00750,gold_006,DEV,30.0,33.0,1,2.4147378153456462,0,0
gold_006_w00800,gold_006,DEV,32.0,35.0,0,10.949902362756829,0,1
gold_006_w00850,gold_006,DEV,34.0,37.0,0,1.2663251617293847,0,0
gold_006_w00900,gold_006,DEV,36.0,39.0,0,1.0279614396723307,0,0
gold_006_w00950,gold_006,DEV,38.0,41.0,0,0.805606238457153,0,0
gold_006_w01000,gold_006,DEV,40.0,43.0,0,0.8751820301710888,0,0
gold_006_w01050,gold_006,DEV,42.0,45.0,0,0.8793667145681296,0,0
gold_006_w01100,gold_006,DEV,44.0,47.0,0,0.7990928942506983,0,0
gold_006_w01150,gold_006,DEV,46.0,49.0,1,10.938215558067657,0,1
gold_006_w01200,gold_006,DEV,48.0,51.0,0,1.8176643181514125,0,0
gold_006_w01250,gold_006,DEV,50.0,53.0,0,0.9142884235559947,0,0
gold_006_w01300,gold_006,DEV,52.0,55.0,0,0.8019133967397396,0,0
gold_006_w01350,gold_006,DEV,54.0,57.0,0,3.4188016880225574,0,1
gold_006_w01400,gold_006,DEV,56.0,59.0,0,3.870566285906984,0,1
gold_007_w00000,gold_007,DEV,0.0,3.0,0,7.941140870670083,0,1
gold_007_w00050,gold_007,DEV,2.0,5.0,0,2.555228484538336,0,0
gold_007_w00100,gold_007,DEV,4.0,7.0,0,4.115743859386679,0,1
gold_007_w00150,gold_007,DEV,6.0,9.0,0,3.34462932773404,0,1
gold_007_w00200,gold_007,DEV,8.0,11.0,0,2.9412301541486787,0,1
gold_007_w00250,gold_007,DEV,10.0,13.0,0,2.830117041136564,0,1
gold_007_w00300,gold_007,DEV,12.0,15.0,0,3.221944084256407,0,1
gold_007_w00350,gold_007,DEV,14.0,17.0,0,10.027511534435241,0,1
gold_007_w00400,gold_007,DEV,16.0,19.0,0,17.72629692726763,1,1
gold_007_w00450,gold_007,DEV,18.0,21.0,0,2.6537474552234652,0,0
gold_007_w00500,gold_007,DEV,20.0,23.0,0,2.87398386557342,0,1
gold_007_w00550,gold_007,DEV,22.0,25.0,0,7.83010893115355,0,1
gold_007_w00600,gold_007,DEV,24.0,27.0,0,5.233955248252511,0,1
gold_007_w00650,gold_007,DEV,26.0,29.0,0,5.055794481353063,0,1
gold_007_w00700,gold_007,DEV,28.0,31.0,1,10.864900727372103,0,1
gold_007_w00750,gold_007,DEV,30.0,33.0,0,6.191933878651886,0,1
gold_007_w00800,gold_007,DEV,32.0,35.0,0,20.48241546826494,1,1
gold_007_w00850,gold_007,DEV,34.0,37.0,0,18.573932814431416,1,1
gold_007_w00900,gold_007,DEV,36.0,39.0,0,11.970181244625701,0,1
gold_007_w00950,gold_007,DEV,38.0,41.0,0,8.588761434132707,0,1
gold_007_w01000,gold_007,DEV,40.0,43.0,0,17.907831821130483,1,1
gold_007_w01050,gold_007,DEV,42.0,45.0,0,5.813817996800935,0,1
gold_007_w01100,gold_007,DEV,44.0,47.0,0,10.99322041564887,0,1
gold_007_w01150,gold_007,DEV,46.0,49.0,0,14.91720732393525,0,1
gold_007_w01200,gold_007,DEV,48.0,51.0,0,1.1336518968596636,0,0
gold_007_w01250,gold_007,DEV,50.0,53.0,0,1.4803751632050244,0,0
gold_007_w01300,gold_007,DEV,52.0,55.0,0,8.276627262433394,0,1
gold_007_w01350,gold_007,DEV,54.0,57.0,0,2.7406228022141965,0,1
gold_007_w01400,gold_007,DEV,56.0,59.0,0,3.7613014884484235,0,1
gold_008_w00000,gold_008,DEV,0.0,3.0,0,1.687538997430238e-14,0,0
gold_008_w00050,gold_008,DEV,2.0,5.0,0,1.687538997430238e-14,0,0
gold_008_w00100,gold_008,DEV,4.0,7.0,0,12.761928476098017,0,1
gold_008_w00150,gold_008,DEV,6.0,9.0,1,4.5640801705402785,0,1
gold_008_w00200,gold_008,DEV,8.0,11.0,1,1.6846589680874038,0,0
gold_008_w00250,gold_008,DEV,10.0,13.0,1,11.012007482679884,0,1
gold_008_w00300,gold_008,DEV,12.0,15.0,0,3.3635236305686242,0,1
gold_008_w00350,gold_008,DEV,14.0,17.0,1,3.3635236305686242,0,1
gold_008_w00400,gold_008,DEV,16.0,19.0,0,3.4695454853953835,0,1
gold_008_w00450,gold_008,DEV,18.0,21.0,1,2.7516167811997363,0,1
gold_008_w00500,gold_008,DEV,20.0,23.0,0,0.6811604579619752,0,0
gold_008_w00550,gold_008,DEV,22.0,25.0,1,2.793876425734358,0,1
gold_008_w00600,gold_008,DEV,24.0,27.0,0,10.712556470246335,0,1
gold_008_w00650,gold_008,DEV,26.0,29.0,0,16.50619999345371,1,1
gold_008_w00700,gold_008,DEV,28.0,31.0,0,4.937219670880384,0,1
gold_008_w00750,gold_008,DEV,30.0,33.0,0,6.79521554111047,0,1
gold_008_w00800,gold_008,DEV,32.0,35.0,0,12.620007846183192,0,1
gold_008_w00850,gold_008,DEV,34.0,37.0,0,7.069297042482127,0,1
gold_008_w00900,gold_008,DEV,36.0,39.0,0,7.046415138911556,0,1
gold_008_w00950,gold_008,DEV,38.0,41.0,0,4.144524884390675,0,1
gold_008_w01000,gold_008,DEV,40.0,43.0,0,8.917403477624015,0,1
gold_008_w01050,gold_008,DEV,42.0,45.0,0,9.85314095940067,0,1
gold_008_w01100,gold_008,DEV,44.0,47.0,0,10.386841268458873,0,1
gold_008_w01150,gold_008,DEV,46.0,49.0,0,12.3235965453106,0,1
gold_008_w01200,gold_008,DEV,48.0,51.0,0,29.928314251096744,1,1
gold_008_w01250,gold_008,DEV,50.0,53.0,0,25.352533958411172,1,1
gold_008_w01300,gold_008,DEV,52.0,55.0,0,2.11601796906034,0,0
gold_008_w01350,gold_008,DEV,54.0,57.0,0,8.244556320297157,0,1
gold_008_w01400,gold_008,DEV,56.0,59.0,0,0.8794847279439733,0,0
gold_009_w00000,gold_009,DEV,0.0,3.0,0,31.51461623042901,1,1
gold_009_w00050,gold_009,DEV,2.0,5.0,0,51.61827510942684,1,1
gold_009_w00100,gold_009,DEV,4.0,7.0,0,5.760876547984615,0,1
gold_009_w00150,gold_009,DEV,6.0,9.0,0,4.475400736615365,0,1
gold_009_w00200,gold_009,DEV,8.0,11.0,0,9.151157709824204,0,1
gold_009_w00250,gold_009,DEV,10.0,13.0,0,4.253625989377094,0,1
gold_009_w00300,gold_009,DEV,12.0,15.0,0,6.7414314360607674,0,1
gold_009_w00350,gold_009,DEV,14.0,17.0,1,8.612822888058684,0,1
gold_009_w00400,gold_009,DEV,16.0,19.0,0,2.6693423344538836,0,0
gold_009_w00450,gold_009,DEV,18.0,21.0,1,2.073645629527162,0,0
gold_009_w00500,gold_009,DEV,20.0,23.0,1,3.9264462255375747,0,1
gold_009_w00550,gold_009,DEV,22.0,25.0,0,1.189380012192096,0,0
gold_009_w00600,gold_009,DEV,24.0,27.0,0,1.654207587520009,0,0
gold_009_w00650,gold_009,DEV,26.0,29.0,0,6.555311411077378,0,1
gold_009_w00700,gold_009,DEV,28.0,31.0,0,7.386880140148929,0,1
gold_009_w00750,gold_009,DEV,30.0,33.0,1,10.27541394667195,0,1
gold_009_w00800,gold_009,DEV,32.0,35.0,1,12.224447567146177,0,1
gold_009_w00850,gold_009,DEV,34.0,37.0,0,1.6925956054723414,0,0
gold_009_w00900,gold_009,DEV,36.0,39.0,0,3.393046339075058,0,1
gold_009_w00950,gold_009,DEV,38.0,41.0,0,1.952219538477479,0,0
gold_009_w01000,gold_009,DEV,40.0,43.0,0,1.1377689343788155,0,0
gold_009_w01050,gold_009,DEV,42.0,45.0,0,3.884980392900669,0,1
gold_009_w01100,gold_009,DEV,44.0,47.0,0,13.403086280489276,0,1
gold_009_w01150,gold_009,DEV,46.0,49.0,0,13.121919181241338,0,1
gold_009_w01200,gold_009,DEV,48.0,51.0,0,11.675605371559726,0,1
gold_009_w01250,gold_009,DEV,50.0,53.0,0,13.350562020615302,0,1
gold_009_w01300,gold_009,DEV,52.0,55.0,0,13.741319492424605,0,1
gold_009_w01350,gold_009,DEV,54.0,57.0,0,7.877171328351187,0,1
gold_009_w01400,gold_009,DEV,56.0,59.0,0,5.118795240397791,0,1
gold_010_w00000,gold_010,DEV,0.0,3.0,0,3.4215594207212163,0,1
gold_010_w00050,gold_010,DEV,2.0,5.0,0,3.307848365712565,0,1
gold_010_w00100,gold_010,DEV,4.0,7.0,0,0.9097615955592904,0,0
gold_010_w00150,gold_010,DEV,6.0,9.0,0,1.536826455314368,0,0
gold_010_w00200,gold_010,DEV,8.0,11.0,0,2.5723953241512847,0,0
gold_010_w00250,gold_010,DEV,10.0,13.0,0,1.394290129899427,0,0
gold_010_w00300,gold_010,DEV,12.0,15.0,0,0.8477441392022715,0,0
gold_010_w00350,gold_010,DEV,14.0,17.0,0,1.368344002392468,0,0
gold_010_w00400,gold_010,DEV,16.0,19.0,0,3.5277374646602637,0,1
gold_010_w00450,gold_010,DEV,18.0,21.0,0,2.6066861930149257,0,0
gold_010_w00500,gold_010,DEV,20.0,23.0,0,1.2885006085420305,0,0
gold_010_w00550,gold_010,DEV,22.0,25.0,0,1.824608084983189,0,0
gold_010_w00600,gold_010,DEV,24.0,27.0,0,1.1980941212260676,0,0
gold_010_w00650,gold_010,DEV,26.0,29.0,0,4.755412029775442,0,1
gold_010_w00700,gold_010,DEV,28.0,31.0,0,2.2213907753115274,0,0
gold_010_w00750,gold_010,DEV,30.0,33.0,0,0.6379259916452282,0,0
gold_010_w00800,gold_010,DEV,32.0,35.0,0,0.7647913096945906,0,0
gold_010_w00850,gold_010,DEV,34.0,37.0,0,2.8832389280234825,0,1
gold_010_w00900,gold_010,DEV,36.0,39.0,0,3.663194057268984,0,1
gold_010_w00950,gold_010,DEV,38.0,41.0,1,5.882770255173274,0,1
gold_010_w01000,gold_010,DEV,40.0,43.0,0,4.923934174584356,0,1
gold_010_w01050,gold_010,DEV,42.0,45.0,0,9.640721963557915,0,1
gold_010_w01100,gold_010,DEV,44.0,47.0,0,14.223306678114003,0,1
gold_010_w01150,gold_010,DEV,46.0,49.0,0,4.955856593894528,0,1
gold_010_w01200,gold_010,DEV,48.0,51.0,0,1.0233509546115425,0,0
gold_010_w01250,gold_010,DEV,50.0,53.0,0,3.0174332798777854,0,1
gold_010_w01300,gold_010,DEV,52.0,55.0,0,2.721803816326301,0,1
gold_010_w01350,gold_010,DEV,54.0,57.0,0,7.5635243690028,0,1
gold_010_w01400,gold_010,DEV,56.0,59.0,0,4.941110750178371,0,1
gold_011_w00000,gold_011,DEV,0.0,3.0,0,2.8908283880679555,0,1
gold_011_w00050,gold_011,DEV,2.0,5.0,0,3.9487038410349165,0,1
gold_011_w00100,gold_011,DEV,4.0,7.0,0,5.124442684365609,0,1
gold_011_w00150,gold_011,DEV,6.0,9.0,0,2.363123997299133,0,0
gold_011_w00200,gold_011,DEV,8.0,11.0,0,10.525274510705975,0,1
gold_011_w00250,gold_011,DEV,10.0,13.0,0,2.8565215532040495,0,1
gold_011_w00300,gold_011,DEV,12.0,15.0,0,1.7954592304629928,0,0
gold_011_w00350,gold_011,DEV,14.0,17.0,0,1.2603628779902638,0,0
gold_011_w00400,gold_011,DEV,16.0,19.0,0,1.1068215220124595,0,0
gold_011_w00450,gold_011,DEV,18.0,21.0,0,1.1579951628660574,0,0
gold_011_w00500,gold_011,DEV,20.0,23.0,0,0.9511043708641242,0,0
gold_011_w00550,gold_011,DEV,22.0,25.0,0,5.157439896804753,0,1
gold_011_w00600,gold_011,DEV,24.0,27.0,0,8.218640605608647,0,1
gold_011_w00650,gold_011,DEV,26.0,29.0,0,13.262035107001319,0,1
gold_011_w00700,gold_011,DEV,28.0,31.0,0,12.050510877773792,0,1
gold_011_w00750,gold_011,DEV,30.0,33.0,0,9.792654339805935,0,1
gold_011_w00800,gold_011,DEV,32.0,35.0,0,4.316948286025408,0,1
gold_011_w00850,gold_011,DEV,34.0,37.0,0,9.274591607508432,0,1
gold_011_w00900,gold_011,DEV,36.0,39.0,0,3.798554317239848,0,1
gold_011_w00950,gold_011,DEV,38.0,41.0,0,2.701995361379249,0,1
gold_011_w01000,gold_011,DEV,40.0,43.0,0,2.4524729021223624,0,0
gold_011_w01050,gold_011,DEV,42.0,45.0,0,1.205492657103464,0,0
gold_011_w01100,gold_011,DEV,44.0,47.0,1,0.8051493801437086,0,0
gold_011_w01150,gold_011,DEV,46.0,49.0,0,1.9069334185206865,0,0
gold_011_w01200,gold_011,DEV,48.0,51.0,0,1.1821860165584992,0,0
gold_011_w01250,gold_011,DEV,50.0,53.0,0,1.0557990479858357,0,0
gold_011_w01300,gold_011,DEV,52.0,55.0,0,0.8570352506526446,0,0
gold_011_w01350,gold_011,DEV,54.0,57.0,1,2.8908557779583264,0,1
gold_011_w01400,gold_011,DEV,56.0,59.0,0,2.024530615839931,0,0
gold_012_w00000,gold_012,DEV,0.0,3.0,0,0.5882125423226885,0,0
gold_012_w00050,gold_012,DEV,2.0,5.0,0,1.1503850985796067,0,0
gold_012_w00100,gold_012,DEV,4.0,7.0,0,0.9573017267080495,0,0
gold_012_w00150,gold_012,DEV,6.0,9.0,0,3.5477842375393376,0,1
gold_012_w00200,gold_012,DEV,8.0,11.0,0,3.7461303848764356,0,1
gold_012_w00250,gold_012,DEV,10.0,13.0,0,1.269102063212367,0,0
gold_012_w00300,gold_012,DEV,12.0,15.0,0,1.011365350309788,0,0
gold_012_w00350,gold_012,DEV,14.0,17.0,0,0.7731646379946575,0,0
gold_012_w00400,gold_012,DEV,16.0,19.0,0,0.873050145058091,0,0
gold_012_w00450,gold_012,DEV,18.0,21.0,0,0.8803215138006344,0,0
gold_012_w00500,gold_012,DEV,20.0,23.0,0,0.6779905243631301,0,0
gold_012_w00550,gold_012,DEV,22.0,25.0,0,1.0413360662393671,0,0
gold_012_w00600,gold_012,DEV,24.0,27.0,0,0.9518019736229988,0,0
gold_012_w00650,gold_012,DEV,26.0,29.0,0,0.9131381072642384,0,0
gold_012_w00700,gold_012,DEV,28.0,31.0,0,9.74760984174021,0,1
gold_012_w00750,gold_012,DEV,30.0,33.0,0,3.634840757418912,0,1
gold_012_w00800,gold_012,DEV,32.0,35.0,0,2.3011508799377385,0,0
gold_012_w00850,gold_012,DEV,34.0,37.0,0,1.7787691138563488,0,0
gold_012_w00900,gold_012,DEV,36.0,39.0,0,17.473440604610097,1,1
gold_012_w00950,gold_012,DEV,38.0,41.0,0,3.809793654837959,0,1
gold_012_w01000,gold_012,DEV,40.0,43.0,0,10.045797693413315,0,1
gold_012_w01050,gold_012,DEV,42.0,45.0,0,5.446353025369726,0,1
gold_012_w01100,gold_012,DEV,44.0,47.0,0,6.578855515637897,0,1
gold_012_w01150,gold_012,DEV,46.0,49.0,0,8.219526973915569,0,1
gold_012_w01200,gold_012,DEV,48.0,51.0,0,1.1072902501602035,0,0
gold_012_w01250,gold_012,DEV,50.0,53.0,0,2.167386925303858,0,0
gold_012_w01300,gold_012,DEV,52.0,55.0,0,3.0239231336366963,0,1
gold_012_w01350,gold_012,DEV,54.0,57.0,0,10.720230397088853,0,1
gold_012_w01400,gold_012,DEV,56.0,59.0,0,16.29009815307213,0,1
gold_013_w00000,gold_013,DEV,0.0,3.0,0,24.561349508645726,1,1
gold_013_w00050,gold_013,DEV,2.0,5.0,0,29.84143656394985,1,1
gold_013_w00100,gold_013,DEV,4.0,7.0,0,5.9102480428202355,0,1
gold_013_w00150,gold_013,DEV,6.0,9.0,0,2.6046752440623813,0,0
gold_013_w00200,gold_013,DEV,8.0,11.0,1,3.2534065513344164,0,1
gold_013_w00250,gold_013,DEV,10.0,13.0,1,3.9716678610492817,0,1
gold_013_w00300,gold_013,DEV,12.0,15.0,0,3.997548781352732,0,1
gold_013_w00350,gold_013,DEV,14.0,17.0,0,1.6952687110100637,0,0
gold_013_w00400,gold_013,DEV,16.0,19.0,1,6.487662797763372,0,1
gold_013_w00450,gold_013,DEV,18.0,21.0,0,1.9913409106381348,0,0
gold_013_w00500,gold_013,DEV,20.0,23.0,0,0.9485448134806909,0,0
gold_013_w00550,gold_013,DEV,22.0,25.0,0,2.2652070527865966,0,0
gold_013_w00600,gold_013,DEV,24.0,27.0,0,7.202048340377259,0,1
gold_013_w00650,gold_013,DEV,26.0,29.0,0,3.0006984172723623,0,1
gold_013_w00700,gold_013,DEV,28.0,31.0,0,2.3232389152189032,0,0
gold_013_w00750,gold_013,DEV,30.0,33.0,0,5.56613744277778,0,1
gold_013_w00800,gold_013,DEV,32.0,35.0,0,4.050619512171192,0,1
gold_013_w00850,gold_013,DEV,34.0,37.0,0,3.704759833418141,0,1
gold_013_w00900,gold_013,DEV,36.0,39.0,0,2.072223192050469,0,0
gold_013_w00950,gold_013,DEV,38.0,41.0,0,1.5827002892127453,0,0
gold_013_w01000,gold_013,DEV,40.0,43.0,0,5.475518780154799,0,1
gold_013_w01050,gold_013,DEV,42.0,45.0,0,23.79635947345305,1,1
gold_013_w01100,gold_013,DEV,44.0,47.0,0,9.776989894591319,0,1
gold_013_w01150,gold_013,DEV,46.0,49.0,0,4.821025857280755,0,1
gold_013_w01200,gold_013,DEV,48.0,51.0,0,8.092357063738,0,1
gold_013_w01250,gold_013,DEV,50.0,53.0,1,8.307981313247527,0,1
gold_013_w01300,gold_013,DEV,52.0,55.0,1,8.371993316081326,0,1
gold_013_w01350,gold_013,DEV,54.0,57.0,0,4.029527962068869,0,1
gold_013_w01400,gold_013,DEV,56.0,59.0,0,2.763105850397576,0,1
gold_014_w00000,gold_014,DEV,0.0,3.0,0,22.742696839890627,1,1
gold_014_w00050,gold_014,DEV,2.0,5.0,0,26.77359533532246,1,1
gold_014_w00100,gold_014,DEV,4.0,7.0,0,16.403790139373967,1,1
gold_014_w00150,gold_014,DEV,6.0,9.0,0,4.023542222998927,0,1
gold_014_w00200,gold_014,DEV,8.0,11.0,0,4.532288480194034,0,1
gold_014_w00250,gold_014,DEV,10.0,13.0,0,3.145152806679973,0,1
gold_014_w00300,gold_014,DEV,12.0,15.0,0,3.3118008878125558,0,1
gold_014_w00350,gold_014,DEV,14.0,17.0,0,2.9916324248680795,0,1
gold_014_w00400,gold_014,DEV,16.0,19.0,0,1.72939994118431,0,0
gold_014_w00450,gold_014,DEV,18.0,21.0,0,2.659194473897946,0,0
gold_014_w00500,gold_014,DEV,20.0,23.0,0,5.6924647017792545,0,1
gold_014_w00550,gold_014,DEV,22.0,25.0,0,4.705940579145425,0,1
gold_014_w00600,gold_014,DEV,24.0,27.0,0,1.3835142309015502,0,0
gold_014_w00650,gold_014,DEV,26.0,29.0,0,1.088371443581753,0,0
gold_014_w00700,gold_014,DEV,28.0,31.0,0,5.968400487255122,0,1
gold_014_w00750,gold_014,DEV,30.0,33.0,0,4.302423754216365,0,1
gold_014_w00800,gold_014,DEV,32.0,35.0,0,7.894461611212018,0,1
gold_014_w00850,gold_014,DEV,34.0,37.0,0,46.644091637262505,1,1
gold_014_w00900,gold_014,DEV,36.0,39.0,0,18.019787101478897,1,1
gold_014_w00950,gold_014,DEV,38.0,41.0,0,38.446100350582356,1,1
gold_014_w01000,gold_014,DEV,40.0,43.0,0,4.639519930441631,0,1
gold_014_w01050,gold_014,DEV,42.0,45.0,0,35.054236938903486,1,1
gold_014_w01100,gold_014,DEV,44.0,47.0,0,9.547056876140346,0,1
gold_014_w01150,gold_014,DEV,46.0,49.0,1,25.421038567047372,1,1
gold_014_w01200,gold_014,DEV,48.0,51.0,1,6.208626909376877,0,1
gold_014_w01250,gold_014,DEV,50.0,53.0,0,10.721244809232978,0,1
gold_014_w01300,gold_014,DEV,52.0,55.0,0,12.235404367769274,0,1
gold_014_w01350,gold_014,DEV,54.0,57.0,0,11.107215652071265,0,1
gold_014_w01400,gold_014,DEV,56.0,59.0,1,22.196614339496215,1,1
gold_015_w00000,gold_015,DEV,0.0,3.0,0,2.6484506962113246,0,0
gold_015_w00050,gold_015,DEV,2.0,5.0,0,39.58276056798755,1,1
gold_015_w00100,gold_015,DEV,4.0,7.0,0,14.233265352033834,0,1
gold_015_w00150,gold_015,DEV,6.0,9.0,0,1.819751726163858,0,0
gold_015_w00200,gold_015,DEV,8.0,11.0,0,1.576273800331954,0,0
gold_015_w00250,gold_015,DEV,10.0,13.0,0,2.3289988057596815,0,0
gold_015_w00300,gold_015,DEV,12.0,15.0,0,7.151132247942609,0,1
gold_015_w00350,gold_015,DEV,14.0,17.0,0,2.559371563660246,0,0
gold_015_w00400,gold_015,DEV,16.0,19.0,0,7.874750875370786,0,1
gold_015_w00450,gold_015,DEV,18.0,21.0,0,23.5809294271581,1,1
gold_015_w00500,gold_015,DEV,20.0,23.0,0,10.78380409070665,0,1
gold_015_w00550,gold_015,DEV,22.0,25.0,1,4.847746687891337,0,1
gold_015_w00600,gold_015,DEV,24.0,27.0,1,7.92767302028507,0,1
gold_015_w00650,gold_015,DEV,26.0,29.0,1,10.044062696692576,0,1
gold_015_w00700,gold_015,DEV,28.0,31.0,0,16.221540473557898,0,1
gold_015_w00750,gold_015,DEV,30.0,33.0,0,11.863132017614713,0,1
gold_015_w00800,gold_015,DEV,32.0,35.0,0,29.271261291431735,1,1
gold_015_w00850,gold_015,DEV,34.0,37.0,0,7.549953851944382,0,1
gold_015_w00900,gold_015,DEV,36.0,39.0,0,9.461203295034156,0,1
gold_015_w00950,gold_015,DEV,38.0,41.0,0,9.936408251871349,0,1
gold_015_w01000,gold_015,DEV,40.0,43.0,0,22.943394011828794,1,1
gold_015_w01050,gold_015,DEV,42.0,45.0,0,4.997446440316593,0,1
gold_015_w01100,gold_015,DEV,44.0,47.0,0,29.977584851093873,1,1
gold_015_w01150,gold_015,DEV,46.0,49.0,0,28.080755982365726,1,1
gold_015_w01200,gold_015,DEV,48.0,51.0,0,4.519209122602213,0,1
gold_015_w01250,gold_015,DEV,50.0,53.0,0,7.682823064111821,0,1
gold_015_w01300,gold_015,DEV,52.0,55.0,0,1.429303119197874,0,0
gold_015_w01350,gold_015,DEV,54.0,57.0,0,2.4206070103845465,0,0
gold_015_w01400,gold_015,DEV,56.0,59.0,1,4.850815064493051,0,1
gold_016_w00000,gold_016,TEST,0.0,3.0,0,12.782680793242058,0,1
gold_016_w00050,gold_016,TEST,2.0,5.0,0,46.753525732169415,1,1
gold_016_w00100,gold_016,TEST,4.0,7.0,0,45.36653071183438,1,1
gold_016_w00150,gold_016,TEST,6.0,9.0,0,5.112841101515279,0,1
gold_016_w00200,gold_016,TEST,8.0,11.0,0,1.2790233883268698,0,0
gold_016_w00250,gold_016,TEST,10.0,13.0,0,2.2259284021693304,0,0
gold_016_w00300,gold_016,TEST,12.0,15.0,0,4.045436176664634,0,1
gold_016_w00350,gold_016,TEST,14.0,17.0,0,0.976498650504162,0,0
gold_016_w00400,gold_016,TEST,16.0,19.0,0,5.702705201013401,0,1
gold_016_w00450,gold_016,TEST,18.0,21.0,0,5.032467088054631,0,1
gold_016_w00500,gold_016,TEST,20.0,23.0,0,1.4700859109838564,0,0
gold_016_w00550,gold_016,TEST,22.0,25.0,0,2.3978464375564883,0,0
gold_016_w00600,gold_016,TEST,24.0,27.0,0,17.0347811692245,1,1
gold_016_w00650,gold_016,TEST,26.0,29.0,0,16.370187862102892,1,1
gold_016_w00700,gold_016,TEST,28.0,31.0,0,7.076825850160045,0,1
gold_016_w00750,gold_016,TEST,30.0,33.0,0,1.9942340441794357,0,0
gold_016_w00800,gold_016,TEST,32.0,35.0,0,2.0380653479160458,0,0
gold_016_w00850,gold_016,TEST,34.0,37.0,0,17.22090888745862,1,1
gold_016_w00900,gold_016,TEST,36.0,39.0,0,52.913370523697445,1,1
gold_016_w00950,gold_016,TEST,38.0,41.0,0,2.1563978639793877,0,0
gold_016_w01000,gold_016,TEST,40.0,43.0,0,17.36849624543762,1,1
gold_016_w01050,gold_016,TEST,42.0,45.0,0,15.35187334780931,0,1
gold_016_w01100,gold_016,TEST,44.0,47.0,0,18.775130851563375,1,1
gold_016_w01150,gold_016,TEST,46.0,49.0,1,12.917274819665336,0,1
gold_016_w01200,gold_016,TEST,48.0,51.0,1,2.8229143191606667,0,1
gold_016_w01250,gold_016,TEST,50.0,53.0,0,1.3585449898993254,0,0
gold_016_w01300,gold_016,TEST,52.0,55.0,0,0.8789067235026344,0,0
gold_016_w01350,gold_016,TEST,54.0,57.0,1,3.856627086381547,0,1
gold_016_w01400,gold_016,TEST,56.0,59.0,0,3.442992534948683,0,1
gold_017_w00000,gold_017,TEST,0.0,3.0,0,4.534073400608598,0,1
gold_017_w00050,gold_017,TEST,2.0,5.0,0,5.586917061350025,0,1
gold_017_w00100,gold_017,TEST,4.0,7.0,0,2.6281874796727394,0,0
gold_017_w00150,gold_017,TEST,6.0,9.0,0,1.3066146134774481,0,0
gold_017_w00200,gold_017,TEST,8.0,11.0,0,2.062644740640428,0,0
gold_017_w00250,gold_017,TEST,10.0,13.0,0,1.367398662167,0,0
gold_017_w00300,gold_017,TEST,12.0,15.0,0,2.434812431068657,0,0
gold_017_w00350,gold_017,TEST,14.0,17.0,1,2.4054307704205335,0,0
gold_017_w00400,gold_017,TEST,16.0,19.0,0,1.2781452565760105,0,0
gold_017_w00450,gold_017,TEST,18.0,21.0,0,7.817941076549916,0,1
gold_017_w00500,gold_017,TEST,20.0,23.0,0,10.547642157628015,0,1
gold_017_w00550,gold_017,TEST,22.0,25.0,1,20.77064316978541,1,1
gold_017_w00600,gold_017,TEST,24.0,27.0,1,16.68308456572068,1,1
gold_017_w00650,gold_017,TEST,26.0,29.0,0,6.473269617307498,0,1
gold_017_w00700,gold_017,TEST,28.0,31.0,0,5.253769236566875,0,1
gold_017_w00750,gold_017,TEST,30.0,33.0,0,8.320531673920485,0,1
gold_017_w00800,gold_017,TEST,32.0,35.0,0,2.279869124050192,0,0
gold_017_w00850,gold_017,TEST,34.0,37.0,0,1.7160141618101798,0,0
gold_017_w00900,gold_017,TEST,36.0,39.0,0,1.8961421895415995,0,0
gold_017_w00950,gold_017,TEST,38.0,41.0,0,5.575117800897113,0,1
gold_017_w01000,gold_017,TEST,40.0,43.0,0,8.818250216526334,0,1
gold_017_w01050,gold_017,TEST,42.0,45.0,0,1.906983339981048,0,0
gold_017_w01100,gold_017,TEST,44.0,47.0,0,7.717647342415145,0,1
gold_017_w01150,gold_017,TEST,46.0,49.0,0,9.126812616984076,0,1
gold_017_w01200,gold_017,TEST,48.0,51.0,1,8.291991127120887,0,1
gold_017_w01250,gold_017,TEST,50.0,53.0,0,15.428750076216183,0,1
gold_017_w01300,gold_017,TEST,52.0,55.0,0,12.389220179933528,0,1
gold_017_w01350,gold_017,TEST,54.0,57.0,0,6.139141958632408,0,1
gold_017_w01400,gold_017,TEST,56.0,59.0,0,7.235793410481315,0,1
gold_018_w00000,gold_018,TEST,0.0,3.0,1,4.285364768999731,0,1
gold_018_w00050,gold_018,TEST,2.0,5.0,1,4.211409217549939,0,1
gold_018_w00100,gold_018,TEST,4.0,7.0,1,3.425402024186905,0,1
gold_018_w00150,gold_018,TEST,6.0,9.0,0,2.1119648041981254,0,0
gold_018_w00200,gold_018,TEST,8.0,11.0,1,3.066900706791383,0,1
gold_018_w00250,gold_018,TEST,10.0,13.0,1,2.6100232829025085,0,0
gold_018_w00300,gold_018,TEST,12.0,15.0,0,1.979541415768118,0,0
gold_018_w00350,gold_018,TEST,14.0,17.0,0,2.7728424539099272,0,1
gold_018_w00400,gold_018,TEST,16.0,19.0,0,1.6548819397435075,0,0
gold_018_w00450,gold_018,TEST,18.0,21.0,0,2.2372945349811193,0,0
gold_018_w00500,gold_018,TEST,20.0,23.0,0,2.091120190831612,0,0
gold_018_w00550,gold_018,TEST,22.0,25.0,0,1.5093615516360295,0,0
gold_018_w00600,gold_018,TEST,24.0,27.0,0,2.4601690407955363,0,0
gold_018_w00650,gold_018,TEST,26.0,29.0,0,2.334374185486558,0,0
gold_018_w00700,gold_018,TEST,28.0,31.0,0,1.425716698030774,0,0
gold_018_w00750,gold_018,TEST,30.0,33.0,0,2.166282800527725,0,0
gold_018_w00800,gold_018,TEST,32.0,35.0,0,4.323831400393342,0,1
gold_018_w00850,gold_018,TEST,34.0,37.0,0,2.896869783912793,0,1
gold_018_w00900,gold_018,TEST,36.0,39.0,0,2.2101177268928662,0,0
gold_018_w00950,gold_018,TEST,38.0,41.0,1,1.6593727943224827,0,0
gold_018_w01000,gold_018,TEST,40.0,43.0,1,2.0998094109666425,0,0
gold_018_w01050,gold_018,TEST,42.0,45.0,0,2.499771275998281,0,0
gold_018_w01100,gold_018,TEST,44.0,47.0,0,1.871041826990659,0,0
gold_018_w01150,gold_018,TEST,46.0,49.0,0,1.8963282369511436,0,0
gold_018_w01200,gold_018,TEST,48.0,51.0,1,3.1880658356459914,0,1
gold_018_w01250,gold_018,TEST,50.0,53.0,1,3.396141172289024,0,1
gold_018_w01300,gold_018,TEST,52.0,55.0,0,3.0278457783874746,0,1
gold_018_w01350,gold_018,TEST,54.0,57.0,0,1.815543452620787,0,0
gold_018_w01400,gold_018,TEST,56.0,59.0,0,1.8610729915556696,0,0
gold_019_w00000,gold_019,TEST,0.0,3.0,0,9.550968035760349,0,1
gold_019_w00050,gold_019,TEST,2.0,5.0,0,18.41841053860246,1,1
gold_019_w00100,gold_019,TEST,4.0,7.0,0,2.9999536701015748,0,1
gold_019_w00150,gold_019,TEST,6.0,9.0,0,4.805894675024198,0,1
gold_019_w00200,gold_019,TEST,8.0,11.0,0,1.2884050233328712,0,0
gold_019_w00250,gold_019,TEST,10.0,13.0,0,1.4711921093538236,0,0
gold_019_w00300,gold_019,TEST,12.0,15.0,0,2.0293648616695243,0,0
gold_019_w00350,gold_019,TEST,14.0,17.0,0,1.6886566631357067,0,0
gold_019_w00400,gold_019,TEST,16.0,19.0,0,1.5038465996444406,0,0
gold_019_w00450,gold_019,TEST,18.0,21.0,0,1.2522745310287688,0,0
gold_019_w00500,gold_019,TEST,20.0,23.0,1,1.6027665966318532,0,0
gold_019_w00550,gold_019,TEST,22.0,25.0,1,2.3374223267281877,0,0
gold_019_w00600,gold_019,TEST,24.0,27.0,0,2.326354996307753,0,0
gold_019_w00650,gold_019,TEST,26.0,29.0,0,0.9929798171792581,0,0
gold_019_w00700,gold_019,TEST,28.0,31.0,0,3.49754337007767,0,1
gold_019_w00750,gold_019,TEST,30.0,33.0,1,2.265965868126269,0,0
gold_019_w00800,gold_019,TEST,32.0,35.0,0,2.3214026320821266,0,0
gold_019_w00850,gold_019,TEST,34.0,37.0,0,7.181694936728026,0,1
gold_019_w00900,gold_019,TEST,36.0,39.0,0,3.8139159234288527,0,1
gold_019_w00950,gold_019,TEST,38.0,41.0,0,10.22800342908831,0,1
gold_019_w01000,gold_019,TEST,40.0,43.0,0,1.8113425995086514,0,0
gold_019_w01050,gold_019,TEST,42.0,45.0,0,4.659319186266221,0,1
gold_019_w01100,gold_019,TEST,44.0,47.0,0,3.3701546031000547,0,1
gold_019_w01150,gold_019,TEST,46.0,49.0,0,4.068169274808101,0,1
gold_019_w01200,gold_019,TEST,48.0,51.0,0,3.82559955481328,0,1
gold_019_w01250,gold_019,TEST,50.0,53.0,1,3.6651212396599586,0,1
gold_019_w01300,gold_019,TEST,52.0,55.0,1,2.2373157581249394,0,0
gold_019_w01350,gold_019,TEST,54.0,57.0,0,4.625152735721272,0,1
gold_019_w01400,gold_019,TEST,56.0,59.0,0,5.6773089673413715,0,1
gold_020_w00000,gold_020,TEST,0.0,3.0,0,7.017577286366838,0,1
gold_020_w00050,gold_020,TEST,2.0,5.0,0,1.3748566131769664,0,0
gold_020_w00100,gold_020,TEST,4.0,7.0,0,2.5146783917656386,0,0
gold_020_w00150,gold_020,TEST,6.0,9.0,0,2.143387207618133,0,0
gold_020_w00200,gold_020,TEST,8.0,11.0,1,2.701848985987672,0,1
gold_020_w00250,gold_020,TEST,10.0,13.0,1,2.074958438917756,0,0
gold_020_w00300,gold_020,TEST,12.0,15.0,0,2.9695095204529025,0,1
gold_020_w00350,gold_020,TEST,14.0,17.0,0,8.49383537308044,0,1
gold_020_w00400,gold_020,TEST,16.0,19.0,1,39.45934988124121,1,1
gold_020_w00450,gold_020,TEST,18.0,21.0,1,76.7313679603988,1,1
gold_020_w00500,gold_020,TEST,20.0,23.0,0,8.960019727686916,0,1
gold_020_w00550,gold_020,TEST,22.0,25.0,0,3.900837268029071,0,1
gold_020_w00600,gold_020,TEST,24.0,27.0,0,65.52357465759586,1,1
gold_020_w00650,gold_020,TEST,26.0,29.0,1,48.97732124462009,1,1
gold_020_w00700,gold_020,TEST,28.0,31.0,1,31.759089355757844,1,1
gold_020_w00750,gold_020,TEST,30.0,33.0,1,81.39458898708827,1,1
gold_020_w00800,gold_020,TEST,32.0,35.0,0,19.89663012933626,1,1
gold_020_w00850,gold_020,TEST,34.0,37.0,0,46.81765028229974,1,1
gold_020_w00900,gold_020,TEST,36.0,39.0,0,6.596702653767087,0,1
gold_020_w00950,gold_020,TEST,38.0,41.0,0,3.5980172382715523,0,1
gold_020_w01000,gold_020,TEST,40.0,43.0,0,2.4116493404884176,0,0
gold_020_w01050,gold_020,TEST,42.0,45.0,0,2.3660552824710703,0,0
gold_020_w01100,gold_020,TEST,44.0,47.0,0,4.238982029658666,0,1
gold_020_w01150,gold_020,TEST,46.0,49.0,0,4.997218843089259,0,1
gold_020_w01200,gold_020,TEST,48.0,51.0,0,4.182088035928619,0,1
gold_020_w01250,gold_020,TEST,50.0,53.0,0,4.165229715111662,0,1
gold_020_w01300,gold_020,TEST,52.0,55.0,0,3.0589723653726737,0,1
gold_020_w01350,gold_020,TEST,54.0,57.0,0,1.4326843687426558,0,0
gold_020_w01400,gold_020,TEST,56.0,59.0,0,1.2582645068913387,0,0
gold_021_w00000,gold_021,TEST,0.0,3.0,0,11.790698471602894,0,1
gold_021_w00050,gold_021,TEST,2.0,5.0,0,20.408457588204758,1,1
gold_021_w00100,gold_021,TEST,4.0,7.0,1,2.9747211260673403,0,1
gold_021_w00150,gold_021,TEST,6.0,9.0,1,12.109005213895358,0,1
gold_021_w00200,gold_021,TEST,8.0,11.0,1,7.864027532386357,0,1
gold_021_w00250,gold_021,TEST,10.0,13.0,1,14.348771141959277,0,1
gold_021_w00300,gold_021,TEST,12.0,15.0,0,12.086265459483077,0,1
gold_021_w00350,gold_021,TEST,14.0,17.0,1,3.5962073141600523,0,1
gold_021_w00400,gold_021,TEST,16.0,19.0,1,4.333536992817783,0,1
gold_021_w00450,gold_021,TEST,18.0,21.0,1,6.655494364269428,0,1
gold_021_w00500,gold_021,TEST,20.0,23.0,0,3.895466509954646,0,1
gold_021_w00550,gold_021,TEST,22.0,25.0,0,4.363020938037449,0,1
gold_021_w00600,gold_021,TEST,24.0,27.0,1,2.296209039665886,0,0
gold_021_w00650,gold_021,TEST,26.0,29.0,1,25.28279630509853,1,1
gold_021_w00700,gold_021,TEST,28.0,31.0,0,10.580186670032209,0,1
gold_021_w00750,gold_021,TEST,30.0,33.0,0,14.118698131232318,0,1
gold_021_w00800,gold_021,TEST,32.0,35.0,0,10.99095380111733,0,1
gold_021_w00850,gold_021,TEST,34.0,37.0,0,8.679386049995358,0,1
gold_021_w00900,gold_021,TEST,36.0,39.0,0,6.789611595077134,0,1
gold_021_w00950,gold_021,TEST,38.0,41.0,0,6.962030332822088,0,1
gold_021_w01000,gold_021,TEST,40.0,43.0,0,4.411835169847777,0,1
gold_021_w01050,gold_021,TEST,42.0,45.0,0,12.93730931515464,0,1
gold_021_w01100,gold_021,TEST,44.0,47.0,0,4.7710053754019714,0,1
gold_021_w01150,gold_021,TEST,46.0,49.0,0,9.332674902388398,0,1
gold_021_w01200,gold_021,TEST,48.0,51.0,0,8.514444097545725,0,1
gold_021_w01250,gold_021,TEST,50.0,53.0,0,12.69566633873612,0,1
gold_021_w01300,gold_021,TEST,52.0,55.0,0,21.246839382153908,1,1
gold_021_w01350,gold_021,TEST,54.0,57.0,0,8.9917265132313,0,1
gold_021_w01400,gold_021,TEST,56.0,59.0,0,17.638205766122155,1,1
gold_022_w00000,gold_022,TEST,0.0,3.0,0,1.8153416981577648,0,0
gold_022_w00050,gold_022,TEST,2.0,5.0,0,3.5378412903571017,0,1
gold_022_w00100,gold_022,TEST,4.0,7.0,1,3.9973207657987535,0,1
gold_022_w00150,gold_022,TEST,6.0,9.0,0,3.442563319027364,0,1
gold_022_w00200,gold_022,TEST,8.0,11.0,0,1.5502788118438477,0,0
gold_022_w00250,gold_022,TEST,10.0,13.0,0,1.9115666549073236,0,0
gold_022_w00300,gold_022,TEST,12.0,15.0,0,6.3562757732707205,0,1
gold_022_w00350,gold_022,TEST,14.0,17.0,0,1.286003366772671,0,0
gold_022_w00400,gold_022,TEST,16.0,19.0,0,7.720051438394414,0,1
gold_022_w00450,gold_022,TEST,18.0,21.0,0,12.02420313402771,0,1
gold_022_w00500,gold_022,TEST,20.0,23.0,0,19.80783046813284,1,1
gold_022_w00550,gold_022,TEST,22.0,25.0,0,19.753411355274324,1,1
gold_022_w00600,gold_022,TEST,24.0,27.0,0,34.31369686098931,1,1
gold_022_w00650,gold_022,TEST,26.0,29.0,0,32.431546839800845,1,1
gold_022_w00700,gold_022,TEST,28.0,31.0,0,32.84190532655437,1,1
gold_022_w00750,gold_022,TEST,30.0,33.0,0,20.75465376143695,1,1
gold_022_w00800,gold_022,TEST,32.0,35.0,0,29.157620902939634,1,1
gold_022_w00850,gold_022,TEST,34.0,37.0,0,24.14162150629757,1,1
gold_022_w00900,gold_022,TEST,36.0,39.0,0,22.866106302310325,1,1
gold_022_w00950,gold_022,TEST,38.0,41.0,0,33.8873311709657,1,1
gold_022_w01000,gold_022,TEST,40.0,43.0,0,3.220248034784019,0,1
gold_022_w01050,gold_022,TEST,42.0,45.0,0,7.54981104720447,0,1
gold_022_w01100,gold_022,TEST,44.0,47.0,0,12.293775908596903,0,1
gold_022_w01150,gold_022,TEST,46.0,49.0,0,6.0922247624341885,0,1
gold_022_w01200,gold_022,TEST,48.0,51.0,0,21.943496838733093,1,1
gold_022_w01250,gold_022,TEST,50.0,53.0,0,20.20208406503945,1,1
gold_022_w01300,gold_022,TEST,52.0,55.0,0,18.730725468594486,1,1
gold_022_w01350,gold_022,TEST,54.0,57.0,0,6.63768202622178,0,1
gold_022_w01400,gold_022,TEST,56.0,59.0,0,3.2209275835877627,0,1
gold_023_w00000,gold_023,TEST,0.0,3.0,0,5.160898002989102,0,1
gold_023_w00050,gold_023,TEST,2.0,5.0,0,8.811488746207349,0,1
gold_023_w00100,gold_023,TEST,4.0,7.0,0,23.354173110081668,1,1
gold_023_w00150,gold_023,TEST,6.0,9.0,0,16.60938593310185,1,1
gold_023_w00200,gold_023,TEST,8.0,11.0,0,6.595727285305122,0,1
gold_023_w00250,gold_023,TEST,10.0,13.0,0,4.322025462464033,0,1
gold_023_w00300,gold_023,TEST,12.0,15.0,0,4.245833313326216,0,1
gold_023_w00350,gold_023,TEST,14.0,17.0,0,6.445997028639841,0,1
gold_023_w00400,gold_023,TEST,16.0,19.0,1,7.327304497604348,0,1
gold_023_w00450,gold_023,TEST,18.0,21.0,1,6.783267800346697,0,1
gold_023_w00500,gold_023,TEST,20.0,23.0,1,11.826215719565404,0,1
gold_023_w00550,gold_023,TEST,22.0,25.0,0,0.9318004866024303,0,0
gold_023_w00600,gold_023,TEST,24.0,27.0,0,12.430864143482768,0,1
gold_023_w00650,gold_023,TEST,26.0,29.0,0,12.647183488187814,0,1
gold_023_w00700,gold_023,TEST,28.0,31.0,0,1.4910807064918972,0,0
gold_023_w00750,gold_023,TEST,30.0,33.0,0,1.29906444949704,0,0
gold_023_w00800,gold_023,TEST,32.0,35.0,0,1.5338180859883677,0,0
gold_023_w00850,gold_023,TEST,34.0,37.0,0,1.7258897238955955,0,0
gold_023_w00900,gold_023,TEST,36.0,39.0,0,2.2576533842197994,0,0
gold_023_w00950,gold_023,TEST,38.0,41.0,0,9.511434027087187,0,1
gold_023_w01000,gold_023,TEST,40.0,43.0,0,1.9529705292139354,0,0
gold_023_w01050,gold_023,TEST,42.0,45.0,0,18.64183199155586,1,1
gold_023_w01100,gold_023,TEST,44.0,47.0,0,8.156092881600642,0,1
gold_023_w01150,gold_023,TEST,46.0,49.0,0,18.373859725632087,1,1
gold_023_w01200,gold_023,TEST,48.0,51.0,0,21.94928959533058,1,1
gold_023_w01250,gold_023,TEST,50.0,53.0,0,1.4431844146657422,0,0
gold_023_w01300,gold_023,TEST,52.0,55.0,0,9.314117138202404,0,1
gold_023_w01350,gold_023,TEST,54.0,57.0,0,7.807982006828846,0,1
gold_023_w01400,gold_023,TEST,56.0,59.0,0,9.678949531697477,0,1
gold_024_w00000,gold_024,TEST,0.0,3.0,0,1.4891758231850059,0,0
gold_024_w00050,gold_024,TEST,2.0,5.0,0,1.4891758298540534,0,0
gold_024_w00100,gold_024,TEST,4.0,7.0,0,2.7150836802307055,0,1
gold_024_w00150,gold_024,TEST,6.0,9.0,0,1.6892450128124086,0,0
gold_024_w00200,gold_024,TEST,8.0,11.0,0,0.725134122621764,0,0
gold_024_w00250,gold_024,TEST,10.0,13.0,0,3.0410886773419037,0,1
gold_024_w00300,gold_024,TEST,12.0,15.0,0,2.450784496494114,0,0
gold_024_w00350,gold_024,TEST,14.0,17.0,1,0.9072842853608432,0,0
gold_024_w00400,gold_024,TEST,16.0,19.0,1,1.8912275087583357,0,0
gold_024_w00450,gold_024,TEST,18.0,21.0,0,1.4112201726242155,0,0
gold_024_w00500,gold_024,TEST,20.0,23.0,0,2.9348566193125016,0,1
gold_024_w00550,gold_024,TEST,22.0,25.0,0,1.658952368445057,0,0
gold_024_w00600,gold_024,TEST,24.0,27.0,0,1.1923425292079575,0,0
gold_024_w00650,gold_024,TEST,26.0,29.0,0,0.9077143680243545,0,0
gold_024_w00700,gold_024,TEST,28.0,31.0,0,0.8443818770366427,0,0
gold_024_w00750,gold_024,TEST,30.0,33.0,0,0.7882895725312498,0,0
gold_024_w00800,gold_024,TEST,32.0,35.0,0,1.3255533783030167,0,0
gold_024_w00850,gold_024,TEST,34.0,37.0,0,0.7964032913421413,0,0
gold_024_w00900,gold_024,TEST,36.0,39.0,0,0.48603509800695477,0,0
gold_024_w00950,gold_024,TEST,38.0,41.0,0,0.8687419669055707,0,0
gold_024_w01000,gold_024,TEST,40.0,43.0,0,7.963571037168013,0,1
gold_024_w01050,gold_024,TEST,42.0,45.0,1,7.703089413943012,0,1
gold_024_w01100,gold_024,TEST,44.0,47.0,0,7.895254590850355,0,1
gold_024_w01150,gold_024,TEST,46.0,49.0,0,1.4860351691435039,0,0
gold_024_w01200,gold_024,TEST,48.0,51.0,0,1.3509959374274452,0,0
gold_024_w01250,gold_024,TEST,50.0,53.0,0,1.682713232951846,0,0
gold_024_w01300,gold_024,TEST,52.0,55.0,0,3.935738883652066,0,1
gold_024_w01350,gold_024,TEST,54.0,57.0,0,3.38336725835201,0,1
gold_024_w01400,gold_024,TEST,56.0,59.0,0,2.6648798744717475,0,0
gold_025_w00000,gold_025,TEST,0.0,3.0,0,15.840013317850687,0,1
gold_025_w00050,gold_025,TEST,2.0,5.0,0,41.68841581466882,1,1
gold_025_w00100,gold_025,TEST,4.0,7.0,0,24.2492587678222,1,1
gold_025_w00150,gold_025,TEST,6.0,9.0,0,17.113710514037532,1,1
gold_025_w00200,gold_025,TEST,8.0,11.0,0,9.953363243238659,0,1
gold_025_w00250,gold_025,TEST,10.0,13.0,0,3.4473501527226156,0,1
gold_025_w00300,gold_025,TEST,12.0,15.0,0,2.8814785177613276,0,1
gold_025_w00350,gold_025,TEST,14.0,17.0,0,2.7763909748940008,0,1
gold_025_w00400,gold_025,TEST,16.0,19.0,0,2.480463702639784,0,0
gold_025_w00450,gold_025,TEST,18.0,21.0,0,4.956864452584377,0,1
gold_025_w00500,gold_025,TEST,20.0,23.0,0,5.435862998028751,0,1
gold_025_w00550,gold_025,TEST,22.0,25.0,0,3.037098264360793,0,1
gold_025_w00600,gold_025,TEST,24.0,27.0,0,3.0372873197346664,0,1
gold_025_w00650,gold_025,TEST,26.0,29.0,0,7.452374773605423,0,1
gold_025_w00700,gold_025,TEST,28.0,31.0,0,20.63215547397148,1,1
gold_025_w00750,gold_025,TEST,30.0,33.0,0,17.498880485554725,1,1
gold_025_w00800,gold_025,TEST,32.0,35.0,0,6.301503177888553,0,1
gold_025_w00850,gold_025,TEST,34.0,37.0,0,6.50515551319769,0,1
gold_025_w00900,gold_025,TEST,36.0,39.0,0,5.544502015436184,0,1
gold_025_w00950,gold_025,TEST,38.0,41.0,0,24.643209355694506,1,1
gold_025_w01000,gold_025,TEST,40.0,43.0,1,18.738420095032524,1,1
gold_025_w01050,gold_025,TEST,42.0,45.0,1,13.919954881523637,0,1
gold_025_w01100,gold_025,TEST,44.0,47.0,0,3.7775746770116387,0,1
gold_025_w01150,gold_025,TEST,46.0,49.0,0,3.076091507598231,0,1
gold_025_w01200,gold_025,TEST,48.0,51.0,0,12.712446107731035,0,1
gold_025_w01250,gold_025,TEST,50.0,53.0,0,12.109593345846644,0,1
gold_025_w01300,gold_025,TEST,52.0,55.0,0,14.030334788046835,0,1
gold_025_w01350,gold_025,TEST,54.0,57.0,0,2.7849022950325892,0,1
gold_025_w01400,gold_025,TEST,56.0,59.0,0,13.041899253160564,0,1
gold_026_w00000,gold_026,TEST,0.0,3.0,0,8.70222817156423,0,1
gold_026_w00050,gold_026,TEST,2.0,5.0,0,3.1777508636732574,0,1
gold_026_w00100,gold_026,TEST,4.0,7.0,1,6.510298963749065,0,1
gold_026_w00150,gold_026,TEST,6.0,9.0,0,2.859018562556988,0,1
gold_026_w00200,gold_026,TEST,8.0,11.0,1,2.5657214340352317,0,0
gold_026_w00250,gold_026,TEST,10.0,13.0,1,3.3635987457417764,0,1
gold_026_w00300,gold_026,TEST,12.0,15.0,1,3.2859036255549805,0,1
gold_026_w00350,gold_026,TEST,14.0,17.0,1,5.176902265259729,0,1
gold_026_w00400,gold_026,TEST,16.0,19.0,1,3.1295161833574254,0,1
gold_026_w00450,gold_026,TEST,18.0,21.0,1,2.8251418167060987,0,1
gold_026_w00500,gold_026,TEST,20.0,23.0,1,3.722052356302055,0,1
gold_026_w00550,gold_026,TEST,22.0,25.0,1,2.494671908625351,0,0
gold_026_w00600,gold_026,TEST,24.0,27.0,0,3.030761124092946,0,1
gold_026_w00650,gold_026,TEST,26.0,29.0,0,2.2219633722638807,0,0
gold_026_w00700,gold_026,TEST,28.0,31.0,0,1.2602592526060192,0,0
gold_026_w00750,gold_026,TEST,30.0,33.0,0,1.4194208769809435,0,0
gold_026_w00800,gold_026,TEST,32.0,35.0,0,7.446905454694551,0,1
gold_026_w00850,gold_026,TEST,34.0,37.0,0,7.26708310197839,0,1
gold_026_w00900,gold_026,TEST,36.0,39.0,0,2.320961314481462,0,0
gold_026_w00950,gold_026,TEST,38.0,41.0,0,4.510960548247781,0,1
gold_026_w01000,gold_026,TEST,40.0,43.0,0,5.748834156142543,0,1
gold_026_w01050,gold_026,TEST,42.0,45.0,0,3.4863465376945184,0,1
gold_026_w01100,gold_026,TEST,44.0,47.0,0,2.3529116484946657,0,0
gold_026_w01150,gold_026,TEST,46.0,49.0,0,4.72518866823549,0,1
gold_026_w01200,gold_026,TEST,48.0,51.0,0,3.7617922974077525,0,1
gold_026_w01250,gold_026,TEST,50.0,53.0,0,1.3375564344001578,0,0
gold_026_w01300,gold_026,TEST,52.0,55.0,0,2.7580525180398805,0,1
gold_026_w01350,gold_026,TEST,54.0,57.0,0,4.529256411504646,0,1
gold_026_w01400,gold_026,TEST,56.0,59.0,0,6.567434241964842,0,1
gold_027_w00000,gold_027,TEST,0.0,3.0,0,10.208959163318934,0,1
gold_027_w00050,gold_027,TEST,2.0,5.0,0,14.863265693326696,0,1
gold_027_w00100,gold_027,TEST,4.0,7.0,0,14.863265693326696,0,1
gold_027_w00150,gold_027,TEST,6.0,9.0,0,0.8446585537392508,0,0
gold_027_w00200,gold_027,TEST,8.0,11.0,0,1.3677019550528016,0,0
gold_027_w00250,gold_027,TEST,10.0,13.0,0,0.9620419259949458,0,0
gold_027_w00300,gold_027,TEST,12.0,15.0,0,1.2925898033977994,0,0
gold_027_w00350,gold_027,TEST,14.0,17.0,0,1.031760581223324,0,0
gold_027_w00400,gold_027,TEST,16.0,19.0,0,1.586550430262287,0,0
gold_027_w00450,gold_027,TEST,18.0,21.0,0,1.7010836501221576,0,0
gold_027_w00500,gold_027,TEST,20.0,23.0,0,3.5549321830411706,0,1
gold_027_w00550,gold_027,TEST,22.0,25.0,0,2.767484860542499,0,1
gold_027_w00600,gold_027,TEST,24.0,27.0,0,18.146993849244208,1,1
gold_027_w00650,gold_027,TEST,26.0,29.0,0,3.8965836581372555,0,1
gold_027_w00700,gold_027,TEST,28.0,31.0,0,42.10968764245089,1,1
gold_027_w00750,gold_027,TEST,30.0,33.0,0,33.19544812404758,1,1
gold_027_w00800,gold_027,TEST,32.0,35.0,0,27.491565911086376,1,1
gold_027_w00850,gold_027,TEST,34.0,37.0,0,37.871248796547604,1,1
gold_027_w00900,gold_027,TEST,36.0,39.0,0,12.352631079844976,0,1
gold_027_w00950,gold_027,TEST,38.0,41.0,1,1.7284057523820842,0,0
gold_027_w01000,gold_027,TEST,40.0,43.0,1,5.1946700347331465,0,1
gold_027_w01050,gold_027,TEST,42.0,45.0,1,4.0925021782899655,0,1
gold_027_w01100,gold_027,TEST,44.0,47.0,0,14.377533783723742,0,1
gold_027_w01150,gold_027,TEST,46.0,49.0,0,32.32202087082239,1,1
gold_027_w01200,gold_027,TEST,48.0,51.0,0,39.371839461071076,1,1
gold_027_w01250,gold_027,TEST,50.0,53.0,0,3.9252867220720873,0,1
gold_027_w01300,gold_027,TEST,52.0,55.0,0,4.375229317547291,0,1
gold_027_w01350,gold_027,TEST,54.0,57.0,0,7.8607956901852845,0,1
gold_027_w01400,gold_027,TEST,56.0,59.0,0,26.911623419025915,1,1
gold_028_w00000,gold_028,TEST,0.0,3.0,0,0.1365100581329215,0,0
gold_028_w00050,gold_028,TEST,2.0,5.0,0,1.3498620494401299,0,0
gold_028_w00100,gold_028,TEST,4.0,7.0,0,3.159801128339944,0,1
gold_028_w00150,gold_028,TEST,6.0,9.0,0,3.24021392675999,0,1
gold_028_w00200,gold_028,TEST,8.0,11.0,0,2.2472661882785534,0,0
gold_028_w00250,gold_028,TEST,10.0,13.0,0,1.980635378674755,0,0
gold_028_w00300,gold_028,TEST,12.0,15.0,0,2.4018955188336695,0,0
gold_028_w00350,gold_028,TEST,14.0,17.0,0,2.01627775523074,0,0
gold_028_w00400,gold_028,TEST,16.0,19.0,0,1.7238808385420006,0,0
gold_028_w00450,gold_028,TEST,18.0,21.0,1,6.766602591687446,0,1
gold_028_w00500,gold_028,TEST,20.0,23.0,0,6.766602591687446,0,1
gold_028_w00550,gold_028,TEST,22.0,25.0,0,1.306419679890705,0,0
gold_028_w00600,gold_028,TEST,24.0,27.0,0,1.492438972691005,0,0
gold_028_w00650,gold_028,TEST,26.0,29.0,0,1.674959879655109,0,0
gold_028_w00700,gold_028,TEST,28.0,31.0,0,1.8704087931515225,0,0
gold_028_w00750,gold_028,TEST,30.0,33.0,0,2.2147589773287093,0,0
gold_028_w00800,gold_028,TEST,32.0,35.0,0,1.4906775567915098,0,0
gold_028_w00850,gold_028,TEST,34.0,37.0,0,0.9788217575122173,0,0
gold_028_w00900,gold_028,TEST,36.0,39.0,0,1.6722890494308875,0,0
gold_028_w00950,gold_028,TEST,38.0,41.0,0,1.9827053685844143,0,0
gold_028_w01000,gold_028,TEST,40.0,43.0,0,3.2081726881174037,0,1
gold_028_w01050,gold_028,TEST,42.0,45.0,0,1.4212827911743795,0,0
gold_028_w01100,gold_028,TEST,44.0,47.0,0,3.911759338456723,0,1
gold_028_w01150,gold_028,TEST,46.0,49.0,0,5.209368627527114,0,1
gold_028_w01200,gold_028,TEST,48.0,51.0,0,5.816755093199963,0,1
gold_028_w01250,gold_028,TEST,50.0,53.0,0,22.72421627889431,1,1
gold_028_w01300,gold_028,TEST,52.0,55.0,0,0.8582549431385162,0,0
gold_028_w01350,gold_028,TEST,54.0,57.0,0,3.6095958211761086,0,1
gold_028_w01400,gold_028,TEST,56.0,59.0,0,2.868760008911995,0,1
gold_029_w00000,gold_029,TEST,0.0,3.0,0,11.073705740663797,0,1
gold_029_w00050,gold_029,TEST,2.0,5.0,0,7.597626953658889,0,1
gold_029_w00100,gold_029,TEST,4.0,7.0,0,1.2751833197675975,0,0
gold_029_w00150,gold_029,TEST,6.0,9.0,0,0.8298337253935149,0,0
gold_029_w00200,gold_029,TEST,8.0,11.0,0,0.8609643549352279,0,0
gold_029_w00250,gold_029,TEST,10.0,13.0,0,1.9947749823679235,0,0
gold_029_w00300,gold_029,TEST,12.0,15.0,0,2.035532338358034,0,0
gold_029_w00350,gold_029,TEST,14.0,17.0,0,1.3475599855809826,0,0
gold_029_w00400,gold_029,TEST,16.0,19.0,0,1.2717194612765406,0,0
gold_029_w00450,gold_029,TEST,18.0,21.0,1,5.2530614390517885,0,1
gold_029_w00500,gold_029,TEST,20.0,23.0,1,7.842728143249659,0,1
gold_029_w00550,gold_029,TEST,22.0,25.0,0,1.4435223088120024,0,0
gold_029_w00600,gold_029,TEST,24.0,27.0,0,0.9854985272689882,0,0
gold_029_w00650,gold_029,TEST,26.0,29.0,0,3.5382093086109485,0,1
gold_029_w00700,gold_029,TEST,28.0,31.0,0,4.214456141411854,0,1
gold_029_w00750,gold_029,TEST,30.0,33.0,0,5.5338093489756,0,1
gold_029_w00800,gold_029,TEST,32.0,35.0,1,7.742060330364277,0,1
gold_029_w00850,gold_029,TEST,34.0,37.0,0,17.226708179642813,1,1
gold_029_w00900,gold_029,TEST,36.0,39.0,0,17.108419756233605,1,1
gold_029_w00950,gold_029,TEST,38.0,41.0,0,2.643737707382601,0,0
gold_029_w01000,gold_029,TEST,40.0,43.0,0,0.9288210746569536,0,0
gold_029_w01050,gold_029,TEST,42.0,45.0,0,4.763074744831446,0,1
gold_029_w01100,gold_029,TEST,44.0,47.0,0,0.8018709357246121,0,0
gold_029_w01150,gold_029,TEST,46.0,49.0,0,1.8702803352773936,0,0
gold_029_w01200,gold_029,TEST,48.0,51.0,0,2.6446992973069854,0,0
gold_029_w01250,gold_029,TEST,50.0,53.0,0,3.070106716422778,0,1
gold_029_w01300,gold_029,TEST,52.0,55.0,0,2.06412765929751,0,0
gold_029_w01350,gold_029,TEST,54.0,57.0,0,22.616655680960957,1,1
gold_029_w01400,gold_029,TEST,56.0,59.0,0,37.189868275380185,1,1
gold_030_w00000,gold_030,TEST,0.0,3.0,0,1.2446563533552912,0,0
gold_030_w00050,gold_030,TEST,2.0,5.0,0,2.623837054053672,0,0
gold_030_w00100,gold_030,TEST,4.0,7.0,0,3.0726652789366002,0,1
gold_030_w00150,gold_030,TEST,6.0,9.0,0,0.9544679831027448,0,0
gold_030_w00200,gold_030,TEST,8.0,11.0,0,5.6706991308800685,0,1
gold_030_w00250,gold_030,TEST,10.0,13.0,0,5.361889954658117,0,1
gold_030_w00300,gold_030,TEST,12.0,15.0,0,1.7230466657029497,0,0
gold_030_w00350,gold_030,TEST,14.0,17.0,0,5.187426283559603,0,1
gold_030_w00400,gold_030,TEST,16.0,19.0,1,1.6891404301414452,0,0
gold_030_w00450,gold_030,TEST,18.0,21.0,1,1.0903691778649849,0,0
gold_030_w00500,gold_030,TEST,20.0,23.0,1,12.83374843380671,0,1
gold_030_w00550,gold_030,TEST,22.0,25.0,1,12.72183870293878,0,1
gold_030_w00600,gold_030,TEST,24.0,27.0,1,2.0809822374290583,0,0
gold_030_w00650,gold_030,TEST,26.0,29.0,1,0.4405525692137262,0,0
gold_030_w00700,gold_030,TEST,28.0,31.0,1,0.6738728632182251,0,0
gold_030_w00750,gold_030,TEST,30.0,33.0,0,0.574379473577292,0,0
gold_030_w00800,gold_030,TEST,32.0,35.0,0,3.5510708277042204,0,1
gold_030_w00850,gold_030,TEST,34.0,37.0,0,10.757384283559338,0,1
gold_030_w00900,gold_030,TEST,36.0,39.0,0,5.136488571450442,0,1
gold_030_w00950,gold_030,TEST,38.0,41.0,0,9.102618245672817,0,1
gold_030_w01000,gold_030,TEST,40.0,43.0,0,5.943120677432275,0,1
gold_030_w01050,gold_030,TEST,42.0,45.0,0,2.900413032456165,0,1
gold_030_w01100,gold_030,TEST,44.0,47.0,0,2.604724365125889,0,0
gold_030_w01150,gold_030,TEST,46.0,49.0,0,2.521456771831976,0,0
gold_030_w01200,gold_030,TEST,48.0,51.0,0,2.97266734558178,0,1
gold_030_w01250,gold_030,TEST,50.0,53.0,0,1.6875665811322558,0,0
gold_030_w01300,gold_030,TEST,52.0,55.0,0,1.4067168699833656,0,0
gold_030_w01350,gold_030,TEST,54.0,57.0,0,1.2140222914812204,0,0
gold_030_w01400,gold_030,TEST,56.0,59.0,0,1.6037132434355952,0,0
