video_id,video_duration_s,annotation_time_s,annotator,behaviours_annotated,event_count,notes
IH6KWbTogT0,60,,divya,nod,1,online_watch
P4ul1tuvi9c,60,,divya,nod,1,online_watch
xkHwlcDSOjc,60,,divya,nod,1,online_watch
RzIxWA-ll8g,60,,divya,nod,1,online_watch
D8K1AAxkg0g,60,,divya,nod,1,online_watch
niEsUBm1l98,60,,divya,nod,1,online_watch
wrhnUxQrx8g,60,,divya,nod,1,online_watch
sfUBZaWn2f8,60,,divya,nod,1,online_watch
GJtqigeWHV8,60,,divya,nod,1,online_watch
jg6y3LABwTs,60,,divya,nod,1,online_watch
FzCjvLU7u7Q,60,,divya,nod,1,online_watch
6RDkdbgzeAI,60,,divya,nod,1,online_watch
WrWFSBLjWZU,60,,divya,nod,1,online_watch
f6aNo5Mod9I,60,,divya,nod,1,online_watch
Ak2Bm8mfL3w,60,,divya,nod,1,online_watch
Cusa1_4R_QI,60,,divya,nod,1,online_watch
oQNpe8uwSUA,60,,divya,nod,1,online_watch
Zrer1sqWzOQ,60,,divya,nod,1,online_watch
YDI27aeM2O8,60,,divya,nod,1,online_watch
V1tcw5SLwmM,60,,divya,nod,1,online_watch
MGXtWqf1_BA,60,,divya,nod,1,online_watch
jn_3yDP58Ik,60,,divya,nod,1,online_watch
zS-xXIiLrWw,60,,divya,nod,1,online_watch
PM3oaJMiDd4,60,,divya,nod,1,online_watch
J4XrvnkftL8,60,,divya,nod,1,online_watch
G6tLY8FiheE,60,,divya,nod,1,online_watch
VSdVKQhnD9s,60,,divya,nod,1,online_watch
N-6L1u42cnw,60,,divya,nod,1,online_watch
PDd6qEv0_7c,60,,divya,nod,1,online_watch
ktR3_bXoxaE,60,,divya,nod,1,online_watch
